{
	"$schema": "http://json-schema.org/schema#",
	"title": "individuals",
	"description": "Comment describing your JSON Schema",
	"$comment": "сведения о связанных ФЛ",
	"type": "array",
	"items": {
		"type": "object",
		"properties": {
			"mdmId": {
				"description": "Идентификатор ФЛ в МДМ",
				"type": "string"
			},
			"individualType": {
				"description": "Тип ФЛ",
				"enum": [
					"ceo",
					"owner"
				]
			},
			"lastName": {
				"description": "Имя",
				"type": "string"
			},
			"firstName": {
				"description": "Фамилия",
				"type": "string"
			},
			"middleName": {
				"description": "Отчество",
				"type": "string"
			},
			"dateOfBirth": {
				"description": "Дата рождения",
				"type": "string",
				"format": "date"
			},
			"placeOfBirth": {
				"description": "Место рождения",
				"type": "string"
			},
			"countryOfCitizenshipCd": {
				"description": "Страна рождения",
				"type": "string"
			},
			"genderMdmId": {
				"description": "Пол",
				"type": "string"
			},
			"idDocSeries": {
				"description": "Серия документа",
				"type": "string"
			},
			"idDocNumber": {
				"description": "Номер документа",
				"type": "string"
			},
			"idDocIssuedBy": {
				"description": "Кем выдан документ",
				"type": "string"
			},
			"idDocDepartmentCode": {
				"description": "Код подраздения, выдавшего паспорт",
				"type": "string"
			},
			"idDocIssueDate": {
				"description": "Дата выдачи документа",
				"type": "string",
				"format": "date"
			},
			"snils": {
				"description": "СНИЛС",
				"type": "string"
			},
			"tin": {
				"description": "ИНН",
				"type": "string"
			},
			"founderPart": {
				"description": "Доля в установном капитале",
				"$comment": "появляется только при значении  owner",
				"type": "integer",
				"minimum": 1,
				"maximum": 100
			},
			"ogrn": {
				"type": "string"
			},
			"addresses": {
				"$ref": "file:///C:/Users/valerii.raznomazov/Documents/Altova/XMLSpy2021/Examples/ModelData/schemas/addresses.json"
			},
			"phones": {
				"$ref": "file:///C:/Users/valerii.raznomazov/Documents/Altova/XMLSpy2021/Examples/ModelData/schemas/phones.json"
			},
			"dmPprofCustomerSegmentRltn": {
				"$ref": "file:///C:/Users/valerii.raznomazov/Documents/Altova/XMLSpy2021/Examples/ModelData/schemas/dmPprofCustomerSegmentRltn.json"
			}
		},
		"required": [
			"mdmId",
			"individualType",
			"lastName",
			"firstName",
			"middleName",
			"dateOfBirth",
			"placeOfBirth",
			"countryOfCitizenshipCd",
			"genderMdmId",
			"idDocSeries",
			"idDocNumber",
			"idDocIssuedBy",
			"idDocDepartmentCode",
			"idDocIssueDate",
			"snils",
			"tin",
			"ogrn"
		],
		"dependencies": {
			"individualType": [
				"founderPart"
			]
		}
	}
}