{
	"$schema": "http://json-schema.org/schema#",
	"title": "logParametersIndividual",
	"description": "Логирование параметров СПР для ФЛ.",
	"type": "array",
	"items": {
		"type": "object",
		"properties": {
			"name": {
				"description": "Название",
				"type": "string",
				"maxLength": 10
			},
			"type": {
				"description": "Тип",
				"type": "string",
				"maxLength": 10
			},
			"value": {
				"description": "Значение",
				"type": "string",
				"maxLength": 200
			}
		}
	}
}