{
	"swagger": "2.0",
	"info": {
		"description": "Api Documentation",
		"version": "1.0",
		"title": "Api Documentation",
		"termsOfService": "urn:tos",
		"contact": {},
		"license": {
			"name": "Apache 2.0",
			"url": "http://www.apache.org/licenses/LICENSE-2.0"
		}
	},
	"host": "skmb-application-service.develop3.apps.okd.cloud",
	"basePath": "/",
	"tags": [
		{
			"name": "basic-error-controller",
			"description": "Basic Error Controller"
		},
		{
			"name": "bcs-controller",
			"description": "Bcs Controller"
		},
		{
			"name": "decision-controller",
			"description": "Decision Controller"
		},
		{
			"name": "individuals-controller",
			"description": "Individuals Controller"
		},
		{
			"name": "legal-entity-controller",
			"description": "Legal Entity Controller"
		},
		{
			"name": "loan-request-controller",
			"description": "Loan Request Controller"
		},
		{
			"name": "operation-handler",
			"description": "Operation Handler"
		},
		{
			"name": "rbg-controller",
			"description": "Rbg Controller"
		},
		{
			"name": "search-controller",
			"description": "Search Controller"
		},
		{
			"name": "web-mvc-links-handler",
			"description": "Web Mvc Links Handler"
		}
	],
	"paths": {
		"/actuator": {
			"get": {
				"tags": [
					"web-mvc-links-handler"
				],
				"summary": "links",
				"operationId": "linksUsingGET",
				"produces": [
					"application/json",
					"application/vnd.spring-boot.actuator.v2+json",
					"application/vnd.spring-boot.actuator.v3+json"
				],
				"responses": {
					"200": {
						"description": "OK",
						"schema": {
							"type": "object",
							"additionalProperties": {
								"type": "object",
								"additionalProperties": {
									"$ref": "#/definitions/Link"
								}
							}
						}
					},
					"401": {
						"description": "Unauthorized"
					},
					"403": {
						"description": "Forbidden"
					},
					"404": {
						"description": "Not Found"
					}
				}
			}
		},
		"/actuator/health": {
			"get": {
				"tags": [
					"operation-handler"
				],
				"summary": "handle",
				"operationId": "handleUsingGET",
				"produces": [
					"application/json",
					"application/vnd.spring-boot.actuator.v2+json",
					"application/vnd.spring-boot.actuator.v3+json"
				],
				"parameters": [
					{
						"in": "body",
						"name": "body",
						"description": "body",
						"required": false,
						"schema": {
							"type": "object",
							"additionalProperties": {
								"type": "string"
							}
						}
					}
				],
				"responses": {
					"200": {
						"description": "OK",
						"schema": {
							"type": "object"
						}
					},
					"401": {
						"description": "Unauthorized"
					},
					"403": {
						"description": "Forbidden"
					},
					"404": {
						"description": "Not Found"
					}
				}
			}
		},
		"/actuator/health/**": {
			"get": {
				"tags": [
					"operation-handler"
				],
				"summary": "handle",
				"operationId": "handleUsingGET_1",
				"produces": [
					"application/json",
					"application/vnd.spring-boot.actuator.v2+json",
					"application/vnd.spring-boot.actuator.v3+json"
				],
				"parameters": [
					{
						"in": "body",
						"name": "body",
						"description": "body",
						"required": false,
						"schema": {
							"type": "object",
							"additionalProperties": {
								"type": "string"
							}
						}
					}
				],
				"responses": {
					"200": {
						"description": "OK",
						"schema": {
							"type": "object"
						}
					},
					"401": {
						"description": "Unauthorized"
					},
					"403": {
						"description": "Forbidden"
					},
					"404": {
						"description": "Not Found"
					}
				}
			}
		},
		"/actuator/info": {
			"get": {
				"tags": [
					"operation-handler"
				],
				"summary": "handle",
				"operationId": "handleUsingGET_2",
				"produces": [
					"application/json",
					"application/vnd.spring-boot.actuator.v2+json",
					"application/vnd.spring-boot.actuator.v3+json"
				],
				"parameters": [
					{
						"in": "body",
						"name": "body",
						"description": "body",
						"required": false,
						"schema": {
							"type": "object",
							"additionalProperties": {
								"type": "string"
							}
						}
					}
				],
				"responses": {
					"200": {
						"description": "OK",
						"schema": {
							"type": "object"
						}
					},
					"401": {
						"description": "Unauthorized"
					},
					"403": {
						"description": "Forbidden"
					},
					"404": {
						"description": "Not Found"
					}
				}
			}
		},
		"/error": {
			"get": {
				"tags": [
					"basic-error-controller"
				],
				"summary": "error",
				"operationId": "errorUsingGET",
				"produces": [
					"*/*"
				],
				"responses": {
					"200": {
						"description": "OK",
						"schema": {
							"type": "object",
							"additionalProperties": {
								"type": "object"
							}
						}
					},
					"401": {
						"description": "Unauthorized"
					},
					"403": {
						"description": "Forbidden"
					},
					"404": {
						"description": "Not Found"
					}
				}
			},
			"head": {
				"tags": [
					"basic-error-controller"
				],
				"summary": "error",
				"operationId": "errorUsingHEAD",
				"consumes": [
					"application/json"
				],
				"produces": [
					"*/*"
				],
				"responses": {
					"200": {
						"description": "OK",
						"schema": {
							"type": "object",
							"additionalProperties": {
								"type": "object"
							}
						}
					},
					"204": {
						"description": "No Content"
					},
					"401": {
						"description": "Unauthorized"
					},
					"403": {
						"description": "Forbidden"
					}
				}
			},
			"post": {
				"tags": [
					"basic-error-controller"
				],
				"summary": "error",
				"operationId": "errorUsingPOST",
				"consumes": [
					"application/json"
				],
				"produces": [
					"*/*"
				],
				"responses": {
					"200": {
						"description": "OK",
						"schema": {
							"type": "object",
							"additionalProperties": {
								"type": "object"
							}
						}
					},
					"201": {
						"description": "Created"
					},
					"401": {
						"description": "Unauthorized"
					},
					"403": {
						"description": "Forbidden"
					},
					"404": {
						"description": "Not Found"
					}
				}
			},
			"put": {
				"tags": [
					"basic-error-controller"
				],
				"summary": "error",
				"operationId": "errorUsingPUT",
				"consumes": [
					"application/json"
				],
				"produces": [
					"*/*"
				],
				"responses": {
					"200": {
						"description": "OK",
						"schema": {
							"type": "object",
							"additionalProperties": {
								"type": "object"
							}
						}
					},
					"201": {
						"description": "Created"
					},
					"401": {
						"description": "Unauthorized"
					},
					"403": {
						"description": "Forbidden"
					},
					"404": {
						"description": "Not Found"
					}
				}
			},
			"delete": {
				"tags": [
					"basic-error-controller"
				],
				"summary": "error",
				"operationId": "errorUsingDELETE",
				"produces": [
					"*/*"
				],
				"responses": {
					"200": {
						"description": "OK",
						"schema": {
							"type": "object",
							"additionalProperties": {
								"type": "object"
							}
						}
					},
					"204": {
						"description": "No Content"
					},
					"401": {
						"description": "Unauthorized"
					},
					"403": {
						"description": "Forbidden"
					}
				}
			},
			"options": {
				"tags": [
					"basic-error-controller"
				],
				"summary": "error",
				"operationId": "errorUsingOPTIONS",
				"consumes": [
					"application/json"
				],
				"produces": [
					"*/*"
				],
				"responses": {
					"200": {
						"description": "OK",
						"schema": {
							"type": "object",
							"additionalProperties": {
								"type": "object"
							}
						}
					},
					"204": {
						"description": "No Content"
					},
					"401": {
						"description": "Unauthorized"
					},
					"403": {
						"description": "Forbidden"
					}
				}
			},
			"patch": {
				"tags": [
					"basic-error-controller"
				],
				"summary": "error",
				"operationId": "errorUsingPATCH",
				"consumes": [
					"application/json"
				],
				"produces": [
					"*/*"
				],
				"responses": {
					"200": {
						"description": "OK",
						"schema": {
							"type": "object",
							"additionalProperties": {
								"type": "object"
							}
						}
					},
					"204": {
						"description": "No Content"
					},
					"401": {
						"description": "Unauthorized"
					},
					"403": {
						"description": "Forbidden"
					}
				}
			}
		},
		"/v1/loan-request": {
			"post": {
				"tags": [
					"loan-request-controller"
				],
				"summary": "save",
				"operationId": "saveUsingPOST_5",
				"consumes": [
					"application/json"
				],
				"produces": [
					"*/*"
				],
				"parameters": [
					{
						"in": "body",
						"name": "loanRequestDto",
						"description": "loanRequestDto",
						"required": true,
						"schema": {
							"$ref": "#/definitions/LoanRequestDtoReq"
						}
					}
				],
				"responses": {
					"200": {
						"description": "OK",
						"schema": {
							"$ref": "#/definitions/LoanResponseDto"
						}
					},
					"201": {
						"description": "Created"
					},
					"401": {
						"description": "Unauthorized"
					},
					"403": {
						"description": "Forbidden"
					},
					"404": {
						"description": "Not Found"
					}
				}
			}
		},
		"/v1/loan-request/array": {
			"post": {
				"tags": [
					"loan-request-controller"
				],
				"summary": "saveAll",
				"operationId": "saveAllUsingPOST",
				"consumes": [
					"application/json"
				],
				"produces": [
					"*/*"
				],
				"parameters": [
					{
						"in": "body",
						"name": "applications",
						"description": "applications",
						"required": true,
						"schema": {
							"type": "array",
							"items": {
								"$ref": "#/definitions/LoanApplicationDtoReq"
							}
						}
					}
				],
				"responses": {
					"200": {
						"description": "OK",
						"schema": {
							"type": "array",
							"items": {
								"$ref": "#/definitions/LoanRequestIdDto"
							}
						}
					},
					"201": {
						"description": "Created"
					},
					"401": {
						"description": "Unauthorized"
					},
					"403": {
						"description": "Forbidden"
					},
					"404": {
						"description": "Not Found"
					}
				}
			}
		},
		"/v1/loan-request/search": {
			"get": {
				"tags": [
					"search-controller"
				],
				"summary": "search",
				"operationId": "searchUsingGET",
				"produces": [
					"*/*"
				],
				"parameters": [
					{
						"name": "fullName",
						"in": "query",
						"required": false,
						"type": "string"
					},
					{
						"name": "legalEntityId",
						"in": "query",
						"required": false,
						"type": "string"
					},
					{
						"name": "loanApplicationCreateDateTime",
						"in": "query",
						"required": false,
						"type": "string"
					},
					{
						"name": "loanApplicationExtId",
						"in": "query",
						"required": false,
						"type": "string"
					},
					{
						"name": "loanRequestId",
						"in": "query",
						"required": false,
						"type": "string"
					},
					{
						"name": "offset",
						"in": "query",
						"required": false,
						"type": "integer",
						"format": "int64"
					},
					{
						"name": "ogrn",
						"in": "query",
						"required": false,
						"type": "string"
					},
					{
						"name": "paged",
						"in": "query",
						"required": false,
						"type": "boolean"
					},
					{
						"name": "pageNumber",
						"in": "query",
						"required": false,
						"type": "integer",
						"format": "int32"
					},
					{
						"name": "pageSize",
						"in": "query",
						"required": false,
						"type": "integer",
						"format": "int32"
					},
					{
						"name": "sort.sorted",
						"in": "query",
						"required": false,
						"type": "boolean"
					},
					{
						"name": "sort.unsorted",
						"in": "query",
						"required": false,
						"type": "boolean"
					},
					{
						"name": "status",
						"in": "query",
						"required": false,
						"type": "string"
					},
					{
						"name": "tin",
						"in": "query",
						"required": false,
						"type": "string"
					},
					{
						"name": "unpaged",
						"in": "query",
						"required": false,
						"type": "boolean"
					}
				],
				"responses": {
					"200": {
						"description": "OK",
						"schema": {
							"$ref": "#/definitions/Page«SearchDto»"
						}
					},
					"401": {
						"description": "Unauthorized"
					},
					"403": {
						"description": "Forbidden"
					},
					"404": {
						"description": "Not Found"
					}
				}
			}
		},
		"/v1/loan-request/{loanRequestId}": {
			"get": {
				"tags": [
					"loan-request-controller"
				],
				"summary": "get",
				"operationId": "getUsingGET",
				"produces": [
					"*/*"
				],
				"parameters": [
					{
						"name": "loanRequestId",
						"in": "path",
						"description": "loanRequestId",
						"required": true,
						"type": "string"
					}
				],
				"responses": {
					"200": {
						"description": "OK",
						"schema": {
							"$ref": "#/definitions/LoanRequestDtoRes"
						}
					},
					"401": {
						"description": "Unauthorized"
					},
					"403": {
						"description": "Forbidden"
					},
					"404": {
						"description": "Not Found"
					}
				}
			}
		},
		"/v1/loan-request/{loanRequestId}/bcs": {
			"get": {
				"tags": [
					"bcs-controller"
				],
				"summary": "find",
				"operationId": "findUsingGET",
				"produces": [
					"*/*"
				],
				"parameters": [
					{
						"name": "loanRequestId",
						"in": "path",
						"description": "loanRequestId",
						"required": true,
						"type": "string"
					}
				],
				"responses": {
					"200": {
						"description": "OK",
						"schema": {
							"$ref": "#/definitions/BcsGetResponse"
						}
					},
					"401": {
						"description": "Unauthorized"
					},
					"403": {
						"description": "Forbidden"
					},
					"404": {
						"description": "Not Found"
					}
				}
			},
			"post": {
				"tags": [
					"bcs-controller"
				],
				"summary": "save",
				"operationId": "saveUsingPOST",
				"consumes": [
					"application/json"
				],
				"produces": [
					"*/*"
				],
				"parameters": [
					{
						"in": "body",
						"name": "bcsRequest",
						"description": "bcsRequest",
						"required": true,
						"schema": {
							"$ref": "#/definitions/BcsRequest"
						}
					},
					{
						"name": "loanRequestId",
						"in": "path",
						"description": "loanRequestId",
						"required": true,
						"type": "string"
					}
				],
				"responses": {
					"200": {
						"description": "OK",
						"schema": {
							"$ref": "#/definitions/BcsPostResponse"
						}
					},
					"201": {
						"description": "Created"
					},
					"401": {
						"description": "Unauthorized"
					},
					"403": {
						"description": "Forbidden"
					},
					"404": {
						"description": "Not Found"
					}
				}
			}
		},
		"/v1/loan-request/{loanRequestId}/decision": {
			"get": {
				"tags": [
					"decision-controller"
				],
				"summary": "find",
				"operationId": "findUsingGET_1",
				"produces": [
					"*/*"
				],
				"parameters": [
					{
						"name": "loanRequestId",
						"in": "path",
						"description": "loanRequestId",
						"required": true,
						"type": "string"
					}
				],
				"responses": {
					"200": {
						"description": "OK",
						"schema": {
							"$ref": "#/definitions/DecisionRequestRes"
						}
					},
					"401": {
						"description": "Unauthorized"
					},
					"403": {
						"description": "Forbidden"
					},
					"404": {
						"description": "Not Found"
					}
				}
			},
			"post": {
				"tags": [
					"decision-controller"
				],
				"summary": "save",
				"operationId": "saveUsingPOST_1",
				"consumes": [
					"application/json"
				],
				"produces": [
					"*/*"
				],
				"parameters": [
					{
						"in": "body",
						"name": "decisionRequest",
						"description": "decisionRequest",
						"required": true,
						"schema": {
							"$ref": "#/definitions/DecisionRequestReq"
						}
					},
					{
						"name": "loanRequestId",
						"in": "path",
						"description": "loanRequestId",
						"required": true,
						"type": "string"
					}
				],
				"responses": {
					"200": {
						"description": "OK",
						"schema": {
							"$ref": "#/definitions/DecisionResponse"
						}
					},
					"201": {
						"description": "Created"
					},
					"401": {
						"description": "Unauthorized"
					},
					"403": {
						"description": "Forbidden"
					},
					"404": {
						"description": "Not Found"
					}
				}
			}
		},
		"/v1/loan-request/{loanRequestId}/decision/stage": {
			"post": {
				"tags": [
					"decision-controller"
				],
				"summary": "saveStage",
				"operationId": "saveStageUsingPOST",
				"consumes": [
					"application/json"
				],
				"produces": [
					"*/*"
				],
				"parameters": [
					{
						"in": "body",
						"name": "decisionRequest",
						"description": "decisionRequest",
						"required": true,
						"schema": {
							"$ref": "#/definitions/DecisionRequestReq"
						}
					},
					{
						"name": "loanRequestId",
						"in": "path",
						"description": "loanRequestId",
						"required": true,
						"type": "string"
					}
				],
				"responses": {
					"200": {
						"description": "OK",
						"schema": {
							"$ref": "#/definitions/DecisionResponse"
						}
					},
					"201": {
						"description": "Created"
					},
					"401": {
						"description": "Unauthorized"
					},
					"403": {
						"description": "Forbidden"
					},
					"404": {
						"description": "Not Found"
					}
				}
			}
		},
		"/v1/loan-request/{loanRequestId}/individuals": {
			"get": {
				"tags": [
					"individuals-controller"
				],
				"summary": "findIndividuals",
				"operationId": "findIndividualsUsingGET",
				"produces": [
					"*/*"
				],
				"parameters": [
					{
						"name": "loanRequestId",
						"in": "path",
						"description": "loanRequestId",
						"required": true,
						"type": "string"
					}
				],
				"responses": {
					"200": {
						"description": "OK",
						"schema": {
							"$ref": "#/definitions/IndividualsRequest"
						}
					},
					"401": {
						"description": "Unauthorized"
					},
					"403": {
						"description": "Forbidden"
					},
					"404": {
						"description": "Not Found"
					}
				}
			},
			"post": {
				"tags": [
					"individuals-controller"
				],
				"summary": "save",
				"operationId": "saveUsingPOST_3",
				"consumes": [
					"application/json"
				],
				"produces": [
					"*/*"
				],
				"parameters": [
					{
						"in": "body",
						"name": "individualsRequest",
						"description": "individualsRequest",
						"required": true,
						"schema": {
							"$ref": "#/definitions/IndividualsRequest"
						}
					},
					{
						"name": "loanRequestId",
						"in": "path",
						"description": "loanRequestId",
						"required": true,
						"type": "string"
					}
				],
				"responses": {
					"200": {
						"description": "OK",
						"schema": {
							"$ref": "#/definitions/IndividualsResponse"
						}
					},
					"201": {
						"description": "Created"
					},
					"401": {
						"description": "Unauthorized"
					},
					"403": {
						"description": "Forbidden"
					},
					"404": {
						"description": "Not Found"
					}
				}
			}
		},
		"/v1/loan-request/{loanRequestId}/individuals/{customerId}/info": {
			"post": {
				"tags": [
					"individuals-controller"
				],
				"summary": "save",
				"operationId": "saveUsingPOST_2",
				"consumes": [
					"application/json"
				],
				"produces": [
					"*/*"
				],
				"parameters": [
					{
						"name": "customerId",
						"in": "path",
						"description": "customerId",
						"required": true,
						"type": "integer",
						"format": "int64"
					},
					{
						"in": "body",
						"name": "individualsRequest",
						"description": "individualsRequest",
						"required": true,
						"schema": {
							"$ref": "#/definitions/IndividualsInfoRequest"
						}
					},
					{
						"name": "loanRequestId",
						"in": "path",
						"description": "loanRequestId",
						"required": true,
						"type": "string"
					}
				],
				"responses": {
					"200": {
						"description": "OK",
						"schema": {
							"$ref": "#/definitions/IndividualsResponse"
						}
					},
					"201": {
						"description": "Created"
					},
					"401": {
						"description": "Unauthorized"
					},
					"403": {
						"description": "Forbidden"
					},
					"404": {
						"description": "Not Found"
					}
				}
			}
		},
		"/v1/loan-request/{loanRequestId}/legal-entity": {
			"get": {
				"tags": [
					"legal-entity-controller"
				],
				"summary": "findLegalEntity",
				"operationId": "findLegalEntityUsingGET",
				"produces": [
					"*/*"
				],
				"parameters": [
					{
						"name": "loanRequestId",
						"in": "path",
						"description": "loanRequestId",
						"required": true,
						"type": "string"
					}
				],
				"responses": {
					"200": {
						"description": "OK",
						"schema": {
							"$ref": "#/definitions/LegalEntityResponse"
						}
					},
					"401": {
						"description": "Unauthorized"
					},
					"403": {
						"description": "Forbidden"
					},
					"404": {
						"description": "Not Found"
					}
				}
			},
			"post": {
				"tags": [
					"legal-entity-controller"
				],
				"summary": "save",
				"operationId": "saveUsingPOST_4",
				"consumes": [
					"application/json"
				],
				"produces": [
					"*/*"
				],
				"parameters": [
					{
						"in": "body",
						"name": "legalEntityRequest",
						"description": "legalEntityRequest",
						"required": true,
						"schema": {
							"$ref": "#/definitions/LegalEntityRequest"
						}
					},
					{
						"name": "loanRequestId",
						"in": "path",
						"description": "loanRequestId",
						"required": true,
						"type": "string"
					}
				],
				"responses": {
					"201": {
						"description": "Created",
						"schema": {
							"$ref": "#/definitions/SaveLegalEntityResponse"
						}
					},
					"401": {
						"description": "Unauthorized"
					},
					"403": {
						"description": "Forbidden"
					},
					"404": {
						"description": "Not Found"
					}
				}
			}
		},
		"/v1/loan-request/{loanRequestId}/legal-entity/info": {
			"post": {
				"tags": [
					"legal-entity-controller"
				],
				"summary": "saveInfo",
				"operationId": "saveInfoUsingPOST",
				"consumes": [
					"application/json"
				],
				"produces": [
					"*/*"
				],
				"parameters": [
					{
						"in": "body",
						"name": "legalEntityInfoRequest",
						"description": "legalEntityInfoRequest",
						"required": true,
						"schema": {
							"$ref": "#/definitions/LegalEntityInfoRequest"
						}
					},
					{
						"name": "loanRequestId",
						"in": "path",
						"description": "loanRequestId",
						"required": true,
						"type": "string"
					}
				],
				"responses": {
					"201": {
						"description": "Created",
						"schema": {
							"$ref": "#/definitions/SaveLegalEntityResponse"
						}
					},
					"401": {
						"description": "Unauthorized"
					},
					"403": {
						"description": "Forbidden"
					},
					"404": {
						"description": "Not Found"
					}
				}
			}
		},
		"/v1/loan-request/{loanRequestId}/rbg": {
			"get": {
				"tags": [
					"rbg-controller"
				],
				"summary": "find",
				"operationId": "findUsingGET_2",
				"produces": [
					"*/*"
				],
				"parameters": [
					{
						"name": "loanRequestId",
						"in": "path",
						"description": "loanRequestId",
						"required": true,
						"type": "string"
					}
				],
				"responses": {
					"200": {
						"description": "OK",
						"schema": {
							"$ref": "#/definitions/RbgDto"
						}
					},
					"401": {
						"description": "Unauthorized"
					},
					"403": {
						"description": "Forbidden"
					},
					"404": {
						"description": "Not Found"
					}
				}
			},
			"post": {
				"tags": [
					"rbg-controller"
				],
				"summary": "save",
				"operationId": "saveUsingPOST_6",
				"consumes": [
					"application/json"
				],
				"produces": [
					"*/*"
				],
				"parameters": [
					{
						"name": "loanRequestId",
						"in": "path",
						"description": "loanRequestId",
						"required": true,
						"type": "string"
					},
					{
						"in": "body",
						"name": "rbgRequest",
						"description": "rbgRequest",
						"required": true,
						"schema": {
							"$ref": "#/definitions/RbgRequest"
						}
					}
				],
				"responses": {
					"200": {
						"description": "OK",
						"schema": {
							"$ref": "#/definitions/RbgResponse"
						}
					},
					"201": {
						"description": "Created"
					},
					"401": {
						"description": "Unauthorized"
					},
					"403": {
						"description": "Forbidden"
					},
					"404": {
						"description": "Not Found"
					}
				}
			}
		},
		"/v1/loan-request/{loanRequestId}/status_update/{statusCdExt}": {
			"patch": {
				"tags": [
					"loan-request-controller"
				],
				"summary": "patch",
				"operationId": "patchUsingPATCH",
				"consumes": [
					"application/json"
				],
				"produces": [
					"*/*"
				],
				"parameters": [
					{
						"name": "loanRequestId",
						"in": "path",
						"description": "loanRequestId",
						"required": true,
						"type": "string"
					},
					{
						"name": "statusCdExt",
						"in": "path",
						"description": "statusCdExt",
						"required": true,
						"type": "string"
					}
				],
				"responses": {
					"200": {
						"description": "OK",
						"schema": {
							"$ref": "#/definitions/LoanStatusResponseDto"
						}
					},
					"204": {
						"description": "No Content"
					},
					"401": {
						"description": "Unauthorized"
					},
					"403": {
						"description": "Forbidden"
					}
				}
			}
		}
	},
	"definitions": {
		"AddressDto": {
			"type": "object",
			"required": [
				"addressTypeMdmId",
				"city",
				"fullAddress",
				"kladr",
				"region"
			],
			"properties": {
				"addressTypeMdmId": {
					"type": "string",
					"minLength": 0,
					"maxLength": 100
				},
				"apartment": {
					"type": "string",
					"minLength": 0,
					"maxLength": 20
				},
				"area": {
					"type": "string",
					"minLength": 0,
					"maxLength": 100
				},
				"areaType": {
					"type": "string",
					"minLength": 0,
					"maxLength": 100
				},
				"building": {
					"type": "string"
				},
				"city": {
					"type": "string",
					"minLength": 0,
					"maxLength": 100
				},
				"cityType": {
					"type": "string",
					"minLength": 0,
					"maxLength": 30
				},
				"corp": {
					"type": "string",
					"minLength": 0,
					"maxLength": 10
				},
				"countryCd": {
					"type": "string",
					"minLength": 0,
					"maxLength": 30
				},
				"fiasId": {
					"type": "string"
				},
				"fullAddress": {
					"type": "string",
					"minLength": 0,
					"maxLength": 500
				},
				"house": {
					"type": "string",
					"minLength": 0,
					"maxLength": 10
				},
				"id": {
					"type": "integer",
					"format": "int64"
				},
				"kladr": {
					"type": "string",
					"minLength": 0,
					"maxLength": 19
				},
				"location": {
					"type": "string",
					"minLength": 0,
					"maxLength": 100
				},
				"locationType": {
					"type": "string"
				},
				"region": {
					"type": "string",
					"minLength": 0,
					"maxLength": 100
				},
				"regionType": {
					"type": "string",
					"minLength": 0,
					"maxLength": 30
				},
				"street": {
					"type": "string",
					"minLength": 0,
					"maxLength": 500
				},
				"streetType": {
					"type": "string"
				},
				"zipCode": {
					"type": "string",
					"minLength": 0,
					"maxLength": 30
				}
			},
			"title": "AddressDto"
		},
		"BcsGetResponse": {
			"type": "object",
			"properties": {
				"bcsId": {
					"type": "string"
				},
				"legalApplicationParametersBcs": {
					"$ref": "#/definitions/LegalApplicationParametersBcsDto"
				},
				"legalApplicationStatusBcs": {
					"$ref": "#/definitions/LegalApplicationStatusBcsDto"
				},
				"legalPersonalInformationBcs": {
					"type": "array",
					"items": {
						"$ref": "#/definitions/LegalPersonalInformationBcsDto"
					}
				},
				"loanRequestId": {
					"type": "string"
				}
			},
			"title": "BcsGetResponse"
		},
		"BcsIdDto": {
			"type": "object",
			"properties": {
				"bcsId": {
					"type": "string"
				}
			},
			"title": "BcsIdDto"
		},
		"BcsPostResponse": {
			"type": "object",
			"properties": {
				"bcs": {
					"$ref": "#/definitions/BcsIdDto"
				}
			},
			"title": "BcsPostResponse"
		},
		"BcsRequest": {
			"type": "object",
			"properties": {
				"legalApplicationParametersBcs": {
					"$ref": "#/definitions/LegalApplicationParametersBcsDto"
				},
				"legalApplicationStatusBcs": {
					"$ref": "#/definitions/LegalApplicationStatusBcsDto"
				},
				"legalPersonalInformationBcs": {
					"type": "array",
					"items": {
						"$ref": "#/definitions/LegalPersonalInformationBcsDto"
					}
				}
			},
			"title": "BcsRequest"
		},
		"CfResponseDecisionMatrixDto": {
			"type": "object",
			"properties": {
				"contractRate": {
					"type": "number"
				},
				"decisionCategoryCd": {
					"type": "string"
				},
				"decisionDt": {
					"type": "string",
					"format": "date"
				},
				"decisionOfferNum": {
					"type": "integer",
					"format": "int32"
				},
				"decisionResultCd": {
					"type": "string"
				},
				"maxContractAmt": {
					"type": "number"
				},
				"maxContractPeriod": {
					"type": "integer",
					"format": "int32"
				},
				"minContractAmt": {
					"type": "number"
				},
				"minContractPeriod": {
					"type": "integer",
					"format": "int32"
				},
				"sblfrProductId": {
					"type": "string"
				},
				"sblfrProductSubId": {
					"type": "string"
				},
				"stopFactorList": {
					"type": "string"
				}
			},
			"title": "CfResponseDecisionMatrixDto"
		},
		"CreditParamExtDto": {
			"type": "object",
			"required": [
				"creditStake",
				"creditTime",
				"currencyCd",
				"productKindCd",
				"requestedSum"
			],
			"properties": {
				"creditStake": {
					"type": "number"
				},
				"creditTime": {
					"type": "integer",
					"format": "int32",
					"minimum": 1,
					"maximum": 1000,
					"exclusiveMinimum": false,
					"exclusiveMaximum": false
				},
				"currencyCd": {
					"type": "string",
					"minLength": 0,
					"maxLength": 3
				},
				"mdmCustomerId": {
					"type": "string",
					"minLength": 0,
					"maxLength": 100
				},
				"productCode": {
					"type": "string"
				},
				"productKindCd": {
					"type": "string",
					"minLength": 0,
					"maxLength": 18
				},
				"productName": {
					"type": "string"
				},
				"productOperationalId": {
					"type": "string"
				},
				"requestedSum": {
					"type": "number"
				},
				"subproductCode": {
					"type": "string",
					"minLength": 0,
					"maxLength": 20
				},
				"trmLeadKeyId": {
					"type": "string"
				}
			},
			"title": "CreditParamExtDto"
		},
		"CreditParamExtDtoReq": {
			"type": "object",
			"required": [
				"creditStake",
				"creditTime",
				"currencyCd",
				"productKindCd",
				"requestedSum"
			],
			"properties": {
				"creditStake": {
					"type": "number"
				},
				"creditTime": {
					"type": "integer",
					"format": "int32",
					"minimum": 1,
					"maximum": 1000,
					"exclusiveMinimum": false,
					"exclusiveMaximum": false
				},
				"currencyCd": {
					"type": "string",
					"minLength": 0,
					"maxLength": 3
				},
				"mdmCustomerId": {
					"type": "string",
					"minLength": 0,
					"maxLength": 100
				},
				"productCode": {
					"type": "string"
				},
				"productKindCd": {
					"type": "string",
					"minLength": 0,
					"maxLength": 18
				},
				"productName": {
					"type": "string"
				},
				"productOperationalId": {
					"type": "string"
				},
				"requestedSum": {
					"type": "number"
				},
				"subproductCode": {
					"type": "string",
					"minLength": 0,
					"maxLength": 20
				},
				"trmLeadKeyId": {
					"type": "string"
				}
			},
			"title": "CreditParamExtDtoReq"
		},
		"CreditParamExtDtoRes": {
			"type": "object",
			"required": [
				"creditStake",
				"creditTime",
				"currencyCd",
				"productKindCd",
				"requestedSum"
			],
			"properties": {
				"creditStake": {
					"type": "number"
				},
				"creditTime": {
					"type": "integer",
					"format": "int32",
					"minimum": 1,
					"maximum": 1000,
					"exclusiveMinimum": false,
					"exclusiveMaximum": false
				},
				"currencyCd": {
					"type": "string",
					"minLength": 0,
					"maxLength": 3
				},
				"mdmCustomerId": {
					"type": "string",
					"minLength": 0,
					"maxLength": 100
				},
				"productCode": {
					"type": "string"
				},
				"productKindCd": {
					"type": "string",
					"minLength": 0,
					"maxLength": 18
				},
				"productName": {
					"type": "string"
				},
				"productOperationalId": {
					"type": "string"
				},
				"requestedSum": {
					"type": "number"
				},
				"subproductCode": {
					"type": "string",
					"minLength": 0,
					"maxLength": 20
				},
				"trmLeadKeyId": {
					"type": "string"
				}
			},
			"title": "CreditParamExtDtoRes"
		},
		"CustomerDto": {
			"type": "object",
			"properties": {
				"birthDt": {
					"type": "string",
					"format": "date"
				},
				"birthPlace": {
					"type": "string"
				},
				"childrenCnt": {
					"type": "integer",
					"format": "int32"
				},
				"citizenshipCd": {
					"type": "integer",
					"format": "int64"
				},
				"corpClientCd": {
					"type": "integer",
					"format": "int64"
				},
				"customerId": {
					"type": "integer",
					"format": "int64"
				},
				"customerMdmId": {
					"type": "string"
				},
				"customerMdmRk": {
					"type": "integer",
					"format": "int64"
				},
				"educationCd": {
					"type": "integer",
					"format": "int64"
				},
				"emplEmploymentTypeCd": {
					"type": "integer",
					"format": "int64"
				},
				"emplJobTypeCd": {
					"type": "integer",
					"format": "int64"
				},
				"emplTaxNum": {
					"type": "string"
				},
				"emplTaxNumActualDate": {
					"type": "string",
					"format": "date"
				},
				"genderCd": {
					"type": "integer",
					"format": "int64"
				},
				"industryCd": {
					"type": "integer",
					"format": "int64"
				},
				"jobCategoryCd": {
					"type": "integer",
					"format": "int64"
				},
				"maritalStatusCd": {
					"type": "integer",
					"format": "int64"
				},
				"packageCd": {
					"type": "integer",
					"format": "int64"
				},
				"sblfrId": {
					"type": "integer",
					"format": "int64"
				}
			},
			"title": "CustomerDto"
		},
		"CustomerFlagDto": {
			"type": "object",
			"properties": {
				"customerMdmId": {
					"type": "string"
				},
				"flagCd": {
					"type": "number"
				},
				"flagVal": {
					"type": "number"
				},
				"id": {
					"type": "integer",
					"format": "int64"
				}
			},
			"title": "CustomerFlagDto"
		},
		"DecisionIdDto": {
			"type": "object",
			"properties": {
				"decisionId": {
					"type": "string"
				}
			},
			"title": "DecisionIdDto"
		},
		"DecisionRequestReq": {
			"type": "object",
			"properties": {
				"decisionResult": {
					"$ref": "#/definitions/DecisionResultDto"
				},
				"legalEntity": {
					"$ref": "#/definitions/LegalEntityDtoReq"
				},
				"loanApplication": {
					"$ref": "#/definitions/LoanApplicationDtoReq"
				},
				"sprResult": {
					"$ref": "#/definitions/SprResultDtoReq"
				}
			},
			"title": "DecisionRequestReq"
		},
		"DecisionRequestRes": {
			"type": "object",
			"properties": {
				"decisionResult": {
					"$ref": "#/definitions/DecisionResultDto"
				},
				"legalEntity": {
					"$ref": "#/definitions/LegalEntityDtoRes"
				},
				"loanApplication": {
					"$ref": "#/definitions/LoanApplicationDtoRes"
				},
				"sprResult": {
					"$ref": "#/definitions/SprResultDtoRes"
				}
			},
			"title": "DecisionRequestRes"
		},
		"DecisionResponse": {
			"type": "object",
			"properties": {
				"decision": {
					"$ref": "#/definitions/DecisionIdDto"
				}
			},
			"title": "DecisionResponse"
		},
		"DecisionResultDto": {
			"type": "object",
			"properties": {
				"cfResponseDecisionMatrix": {
					"type": "array",
					"items": {
						"$ref": "#/definitions/CfResponseDecisionMatrixDto"
					}
				},
				"decision": {
					"type": "string"
				},
				"finCondition": {
					"type": "string"
				},
				"quality": {
					"type": "string"
				},
				"rating": {
					"type": "string"
				},
				"refusalGroup": {
					"type": "string"
				},
				"scorecard": {
					"type": "array",
					"items": {
						"$ref": "#/definitions/ScoreCardDto"
					}
				},
				"stopFactorCdList": {
					"type": "string"
				}
			},
			"title": "DecisionResultDto"
		},
		"DmCfAccountDto": {
			"type": "object",
			"properties": {
				"accountNum": {
					"type": "string"
				},
				"accountRk": {
					"type": "number"
				},
				"accountStatusDesc": {
					"type": "string"
				},
				"accountTypeCd": {
					"type": "string"
				},
				"balanceAmt": {
					"type": "number"
				},
				"branchId": {
					"type": "string"
				},
				"branchNum": {
					"type": "string"
				},
				"closeDt": {
					"type": "string",
					"format": "date"
				},
				"currencyIsoCd": {
					"type": "string"
				},
				"dmCfAccountMoveTb": {
					"type": "array",
					"items": {
						"$ref": "#/definitions/DmCfAccountMoveTbDto"
					}
				},
				"mdmCustomerId": {
					"type": "string"
				},
				"openDt": {
					"type": "string",
					"format": "date"
				},
				"packageNm": {
					"type": "string"
				},
				"sourceSystemCd": {
					"type": "string"
				}
			},
			"title": "DmCfAccountDto"
		},
		"DmCfAccountMoveTbDto": {
			"type": "object",
			"properties": {
				"accountNum": {
					"type": "string"
				},
				"accountRk": {
					"type": "number"
				},
				"accountStatusCd": {
					"type": "string"
				},
				"balanceAmtNc": {
					"type": "number"
				},
				"closeDt": {
					"type": "string",
					"format": "date"
				},
				"currencyIsoCd": {
					"type": "string"
				},
				"customerMdmId": {
					"type": "string"
				},
				"firstTransDttm": {
					"type": "string",
					"format": "date-time"
				},
				"lastTransDttm": {
					"type": "string",
					"format": "date-time"
				},
				"maxBalanceAmtNc": {
					"type": "number"
				},
				"openDt": {
					"type": "string",
					"format": "date"
				},
				"reportDt": {
					"type": "string",
					"format": "date"
				},
				"systemId": {
					"type": "string"
				},
				"turnCreditAmtNc": {
					"type": "number"
				},
				"turnDebetAmtNc": {
					"type": "number"
				}
			},
			"title": "DmCfAccountMoveTbDto"
		},
		"DmCfAggCreditCardDto": {
			"type": "object",
			"properties": {
				"abroadAmt": {
					"type": "number"
				},
				"abroadAmtNc": {
					"type": "number"
				},
				"abroadTransactionCnt": {
					"type": "integer",
					"format": "int32"
				},
				"balanceAmt": {
					"type": "number"
				},
				"balanceAmtNc": {
					"type": "number"
				},
				"cardAgreementRk": {
					"type": "number"
				},
				"cardContractId": {
					"type": "string"
				},
				"cardNum": {
					"type": "string"
				},
				"cardStatusCd": {
					"type": "string"
				},
				"cardStatusDesc": {
					"type": "string"
				},
				"cardTypeCd": {
					"type": "string"
				},
				"cashAmt": {
					"type": "number"
				},
				"cashAmtNc": {
					"type": "number"
				},
				"cashCreditAmt": {
					"type": "number"
				},
				"cashCreditAmtNc": {
					"type": "number"
				},
				"cashCreditTransactionCnt": {
					"type": "integer",
					"format": "int32"
				},
				"cashTransactionCnt": {
					"type": "integer",
					"format": "int32"
				},
				"creditLimitAmt": {
					"type": "number"
				},
				"creditLimitAmtNc": {
					"type": "number"
				},
				"creditTurnAmt": {
					"type": "number"
				},
				"creditTurnAmtNc": {
					"type": "number"
				},
				"currencyIsoCd": {
					"type": "string"
				},
				"currencyRk": {
					"type": "integer",
					"format": "int32"
				},
				"debetTurnAmt": {
					"type": "number"
				},
				"debetTurnAmtNc": {
					"type": "number"
				},
				"debtMonthlyAmt": {
					"type": "number"
				},
				"debtMonthlyAmtNc": {
					"type": "number"
				},
				"dmCfCardTurn": {
					"$ref": "#/definitions/DmCfCardTurnDto"
				},
				"mdmCustomerId": {
					"type": "integer",
					"format": "int32"
				},
				"mdmCustomerRk": {
					"type": "integer",
					"format": "int32"
				},
				"mdmCustomerTypeCd": {
					"type": "string"
				},
				"minPaymentAmt": {
					"type": "number"
				},
				"minPaymentAmtNc": {
					"type": "number"
				},
				"nextPlanIntPaymentAmt": {
					"type": "number"
				},
				"nextPlanIntPaymentAmtNc": {
					"type": "number"
				},
				"notNatCurrAmtNc": {
					"type": "number"
				},
				"notNatCurrTransactionsCnt": {
					"type": "integer",
					"format": "int32"
				},
				"peakDebtAmt": {
					"type": "number"
				},
				"peakDebtAmtNc": {
					"type": "number"
				},
				"prolongationCnt": {
					"type": "integer",
					"format": "int32"
				},
				"rePaymentAmt": {
					"type": "number"
				},
				"rePaymentAmtNc": {
					"type": "number"
				},
				"retailAmt": {
					"type": "number"
				},
				"retailAmtNc": {
					"type": "number"
				},
				"retailCreditAmt": {
					"type": "number"
				},
				"retailCreditAmtNc": {
					"type": "number"
				},
				"retailCreditTransactionCnt": {
					"type": "integer",
					"format": "int32"
				},
				"retailTransactionCnt": {
					"type": "integer",
					"format": "int32"
				},
				"systemId": {
					"type": "string"
				},
				"utilizationDayCnt": {
					"type": "integer",
					"format": "int32"
				},
				"yearCashCreditAmt": {
					"type": "number"
				},
				"yearCashCreditAmtNc": {
					"type": "number"
				},
				"yearMonth": {
					"type": "string"
				}
			},
			"title": "DmCfAggCreditCardDto"
		},
		"DmCfAggDebetCardDto": {
			"type": "object",
			"properties": {
				"abroadAmt": {
					"type": "number"
				},
				"abroadAmtNc": {
					"type": "number"
				},
				"abroadTransactionCnt": {
					"type": "integer",
					"format": "int32"
				},
				"avgBalanceAmt": {
					"type": "number"
				},
				"avgBalanceAmtNc": {
					"type": "number"
				},
				"balanceAmt": {
					"type": "number"
				},
				"balanceAmtNc": {
					"type": "number"
				},
				"cardAgreementRk": {
					"type": "number"
				},
				"cardContractId": {
					"type": "string"
				},
				"cardNum": {
					"type": "string"
				},
				"cardStatusCd": {
					"type": "string"
				},
				"cardStatusDesc": {
					"type": "string"
				},
				"cardTypeCd": {
					"type": "string"
				},
				"cashAmt": {
					"type": "number"
				},
				"cashAmtNc": {
					"type": "number"
				},
				"cashTransactionCnt": {
					"type": "integer",
					"format": "int32"
				},
				"creditAmt": {
					"type": "number"
				},
				"creditAmtNc": {
					"type": "number"
				},
				"creditTransactionCnt": {
					"type": "integer",
					"format": "int32"
				},
				"currencyIsoCd": {
					"type": "string"
				},
				"currencyRk": {
					"type": "integer",
					"format": "int32"
				},
				"debetAmt": {
					"type": "number"
				},
				"debetAmtNc": {
					"type": "number"
				},
				"debetTransactionCnt": {
					"type": "integer",
					"format": "int32"
				},
				"dmCfCardTurn": {
					"$ref": "#/definitions/DmCfCardTurnDto"
				},
				"maxBalanceAmt": {
					"type": "number"
				},
				"maxBalanceAmtNc": {
					"type": "number"
				},
				"mdmCustomerId": {
					"type": "integer",
					"format": "int32"
				},
				"mdmCustomerRk": {
					"type": "integer",
					"format": "int32"
				},
				"mdmCustomerTypeCd": {
					"type": "string"
				},
				"minBalanceAmt": {
					"type": "number"
				},
				"minBalanceAmtNc": {
					"type": "number"
				},
				"notNatCurrAmtNc": {
					"type": "number"
				},
				"notNatCurrTransactionsCnt": {
					"type": "integer",
					"format": "int32"
				},
				"retailAmt": {
					"type": "number"
				},
				"retailAmtNc": {
					"type": "number"
				},
				"retailTransactionCnt": {
					"type": "integer",
					"format": "int32"
				},
				"systemId": {
					"type": "string"
				},
				"yearMonth": {
					"type": "string"
				}
			},
			"title": "DmCfAggDebetCardDto"
		},
		"DmCfAggDepositDto": {
			"type": "object",
			"properties": {
				"aggTurnAmt": {
					"type": "number"
				},
				"aggTurnAmtNc": {
					"type": "number"
				},
				"agreementRk": {
					"type": "number"
				},
				"balanceAmt": {
					"type": "number"
				},
				"balanceAmtNc": {
					"type": "number"
				},
				"contractId": {
					"type": "string"
				},
				"currencyIsoCd": {
					"type": "string"
				},
				"customerTypeCd": {
					"type": "string"
				},
				"mdmCustomerId": {
					"type": "string"
				},
				"mdmCustomerRk": {
					"type": "integer",
					"format": "int32"
				},
				"systemId": {
					"type": "string"
				},
				"turnCreditAmt": {
					"type": "number"
				},
				"turnCreditAmtNc": {
					"type": "number"
				},
				"turnDebetAmt": {
					"type": "number"
				},
				"turnDebetAmtNc": {
					"type": "number"
				},
				"yearMonth": {
					"type": "string",
					"format": "date"
				}
			},
			"title": "DmCfAggDepositDto"
		},
		"DmCfCardTurnDto": {
			"type": "object",
			"properties": {
				"agreementRk": {
					"type": "number"
				},
				"balanceAmt": {
					"type": "number"
				},
				"contractId": {
					"type": "string"
				},
				"creditTurnAmt": {
					"type": "number"
				},
				"currencyIsoCd": {
					"type": "string"
				},
				"customerMdmId": {
					"type": "string"
				},
				"debetTurnAmt": {
					"type": "number"
				},
				"debetTurnIspSalaryAmt": {
					"type": "number"
				},
				"debetTurnIspSalaryAmtNc": {
					"type": "number"
				},
				"debetTurnPensionAmt": {
					"type": "number"
				},
				"debetTurnPensionAmtNc": {
					"type": "number"
				},
				"debetTurnSalaryAmt": {
					"type": "number"
				},
				"employerTaxPayerNum": {
					"type": "string"
				},
				"salaryFlg": {
					"type": "string"
				},
				"sourceSystemCd": {
					"type": "string"
				},
				"yearMonth": {
					"type": "string",
					"format": "date"
				}
			},
			"title": "DmCfCardTurnDto"
		},
		"DmPprofContactIndividualDto": {
			"type": "object",
			"properties": {
				"ageCnt": {
					"type": "integer",
					"format": "int32"
				},
				"birthDt": {
					"type": "string",
					"format": "date"
				},
				"birthPlaceNm": {
					"type": "string"
				},
				"bkiConsentObtainDt": {
					"type": "string",
					"format": "date"
				},
				"bkiConsentObtainFlg": {
					"type": "string"
				},
				"citizenshipGeographyCd": {
					"type": "string"
				},
				"firstNm": {
					"type": "string"
				},
				"genderCd": {
					"type": "string"
				},
				"hasMasterAccountFlg": {
					"type": "string"
				},
				"hasPrivilegePackageFlg": {
					"type": "string"
				},
				"lastNm": {
					"type": "string"
				},
				"mdmCustomerId": {
					"type": "string"
				},
				"middleNm": {
					"type": "string"
				}
			},
			"title": "DmPprofContactIndividualDto"
		},
		"DmPprofCorpAccountDto": {
			"type": "object",
			"required": [
				"accountNum",
				"accountStatusCd",
				"accountTypeCd",
				"balanceAmt",
				"closeDt",
				"currencyIsoId",
				"openDt"
			],
			"properties": {
				"accountBlockAmt": {
					"type": "number"
				},
				"accountBlockDt": {
					"type": "string",
					"format": "date"
				},
				"accountBlockFlg": {
					"type": "string",
					"minLength": 0,
					"maxLength": 50
				},
				"accountNum": {
					"type": "string",
					"minLength": 0,
					"maxLength": 28
				},
				"accountRk": {
					"type": "integer",
					"format": "int64"
				},
				"accountStatusCd": {
					"type": "string",
					"minLength": 0,
					"maxLength": 10
				},
				"accountTypeCd": {
					"type": "string",
					"minLength": 0,
					"maxLength": 50
				},
				"accountTypeInfo": {
					"type": "string",
					"minLength": 0,
					"maxLength": 200
				},
				"agreementRk": {
					"type": "integer",
					"format": "int64"
				},
				"balanceAmt": {
					"type": "number"
				},
				"balanceDt": {
					"type": "string",
					"format": "date"
				},
				"branchId": {
					"type": "string",
					"minLength": 0,
					"maxLength": 50
				},
				"branchNm": {
					"type": "string",
					"minLength": 0,
					"maxLength": 50
				},
				"closeDt": {
					"type": "string",
					"format": "date"
				},
				"contractId": {
					"type": "string",
					"minLength": 0,
					"maxLength": 50
				},
				"currencyIsoId": {
					"type": "string",
					"minLength": 0,
					"maxLength": 3
				},
				"dmPprofCorpAccountMove": {
					"type": "array",
					"items": {
						"$ref": "#/definitions/DmPprofCorpAccountMoveDto"
					}
				},
				"interestPeriodCd": {
					"type": "string",
					"minLength": 0,
					"maxLength": 50
				},
				"interestPeriodDesc": {
					"type": "string",
					"minLength": 0,
					"maxLength": 100
				},
				"internalOrgId": {
					"type": "string",
					"minLength": 0,
					"maxLength": 50
				},
				"internalOrgNm": {
					"type": "string",
					"minLength": 0,
					"maxLength": 50
				},
				"legalEntityId": {
					"type": "integer",
					"format": "int64"
				},
				"mdmCustomerId": {
					"type": "string",
					"minLength": 0,
					"maxLength": 100
				},
				"mdmCustomerRk": {
					"type": "integer",
					"format": "int64"
				},
				"minbalChannelPlacementInfo": {
					"type": "string",
					"minLength": 0,
					"maxLength": 50
				},
				"minimumBalanceAmt": {
					"type": "number"
				},
				"minimumBalanceFlg": {
					"type": "string"
				},
				"openDt": {
					"type": "string",
					"format": "date"
				},
				"productCd": {
					"type": "string",
					"minLength": 0,
					"maxLength": 120
				},
				"productNm": {
					"type": "string",
					"minLength": 0,
					"maxLength": 100
				},
				"sourceSystemCd": {
					"type": "string",
					"minLength": 0,
					"maxLength": 10
				}
			},
			"title": "DmPprofCorpAccountDto"
		},
		"DmPprofCorpAccountMoveDto": {
			"type": "object",
			"required": [
				"accountNum",
				"averageBalanceAmt",
				"averageTurnDebetAmt",
				"curencyIsoId",
				"mdmCustomerId"
			],
			"properties": {
				"accountNum": {
					"type": "string",
					"minLength": 0,
					"maxLength": 100
				},
				"accountRK": {
					"type": "integer",
					"format": "int64"
				},
				"averageBalanceAmt": {
					"type": "number"
				},
				"averageTurnCreditAmt": {
					"type": "number"
				},
				"averageTurnDebetAmt": {
					"type": "number",
					"minimum": 0.0,
					"exclusiveMinimum": false
				},
				"balanceDayCnt": {
					"type": "integer",
					"format": "int32",
					"minimum": 0,
					"exclusiveMinimum": false
				},
				"curencyIsoId": {
					"type": "string",
					"minLength": 0,
					"maxLength": 3
				},
				"mdmCustomerId": {
					"type": "string",
					"minLength": 0,
					"maxLength": 100
				},
				"mdmCustomerRk": {
					"type": "integer",
					"format": "int64"
				},
				"reportDt": {
					"type": "string",
					"format": "date"
				},
				"sumDailyBalanceAmt": {
					"type": "number"
				},
				"sumDailyTurnDebetAmt": {
					"type": "number"
				},
				"turnCreditDayCnt": {
					"type": "integer",
					"format": "int32",
					"minimum": 0,
					"exclusiveMinimum": false
				},
				"turnDebetDayCnt": {
					"type": "integer",
					"format": "int32",
					"minimum": 0,
					"exclusiveMinimum": false
				}
			},
			"title": "DmPprofCorpAccountMoveDto"
		},
		"DmPprofCorpAggClearTurnDto": {
			"type": "object",
			"required": [
				"accountCounterpartyCnt",
				"gccClearCreditAmt",
				"gccClearCreditEntryCnt",
				"gccClearDebetAmt",
				"gccClearDebetEntryCnt",
				"gccInternalTransferAmt",
				"gccLoanIssueAmt",
				"noAccountTurnWeekCnt",
				"yearMonth"
			],
			"properties": {
				"accountCounterpartyCnt": {
					"type": "integer",
					"format": "int32"
				},
				"gccClearCreditAmt": {
					"type": "number",
					"minimum": 0,
					"exclusiveMinimum": false
				},
				"gccClearCreditEntryCnt": {
					"type": "integer",
					"format": "int32"
				},
				"gccClearDebetAmt": {
					"type": "number"
				},
				"gccClearDebetEntryCnt": {
					"type": "integer",
					"format": "int32"
				},
				"gccInternalTransferAmt": {
					"type": "number"
				},
				"gccLoanIssueAmt": {
					"type": "number"
				},
				"mdmCustomerId": {
					"type": "string",
					"minLength": 0,
					"maxLength": 100
				},
				"mdmCustomerRk": {
					"type": "integer",
					"format": "int64"
				},
				"noAccountTurnWeekCnt": {
					"type": "integer",
					"format": "int32"
				},
				"yearMonth": {
					"type": "string",
					"format": "date"
				}
			},
			"title": "DmPprofCorpAggClearTurnDto"
		},
		"DmPprofCorpAggSalaryTurnDto": {
			"type": "object",
			"required": [
				"debetSalaryTurnAmtNc",
				"individualCnt",
				"mdmCustomerId",
				"yearMonth"
			],
			"properties": {
				"currencyIsoId": {
					"type": "string",
					"minLength": 0,
					"maxLength": 3
				},
				"debetSalaryTurnAmt": {
					"type": "number"
				},
				"debetSalaryTurnAmtNc": {
					"type": "number"
				},
				"individualCnt": {
					"type": "integer",
					"format": "int32",
					"minimum": 0,
					"exclusiveMinimum": false
				},
				"mdmCustomerId": {
					"type": "string",
					"minLength": 0,
					"maxLength": 50
				},
				"mdmCustomerRk": {
					"type": "integer",
					"format": "int64"
				},
				"yearMonth": {
					"type": "string",
					"format": "date"
				}
			},
			"title": "DmPprofCorpAggSalaryTurnDto"
		},
		"DmPprofCorpCustomerDto": {
			"type": "object",
			"required": [
				"bcoOperationCnt",
				"bkiConsentObtainDt",
				"bkiConsentObtainFlg",
				"citizenshipGeographyCd",
				"customerSegmentMdmId",
				"fullName",
				"legalFormCd",
				"licActivityKindNm",
				"mdmCustomerId",
				"mdmCustomerRk",
				"monthlyNetProfitAmt",
				"ogrnNum",
				"pledgeCoverageRate",
				"psScore",
				"salaryProjectFlg",
				"shortName",
				"systemId",
				"taxPayerNum"
			],
			"properties": {
				"bcoOperationCnt": {
					"type": "integer",
					"format": "int32"
				},
				"bkiConsentObtainDt": {
					"type": "string",
					"format": "date"
				},
				"bkiConsentObtainFlg": {
					"type": "string"
				},
				"bussinessLifetimeMonthCnt": {
					"type": "integer",
					"format": "int32"
				},
				"citizenshipGeographyCd": {
					"type": "string",
					"minLength": 0,
					"maxLength": 30
				},
				"customerSegmentMdmId": {
					"type": "string",
					"minLength": 0,
					"maxLength": 10
				},
				"customerSegmentTypeCd": {
					"type": "string"
				},
				"fullName": {
					"type": "string",
					"minLength": 0,
					"maxLength": 255
				},
				"legalFormCd": {
					"type": "string",
					"minLength": 0,
					"maxLength": 5
				},
				"licActivityKindNm": {
					"type": "string",
					"minLength": 0,
					"maxLength": 255
				},
				"mdmCustomerId": {
					"type": "string"
				},
				"mdmCustomerRk": {
					"type": "integer",
					"format": "int64"
				},
				"monthlyNetProfitAmt": {
					"type": "number"
				},
				"monthlyProceedsAmt": {
					"type": "number"
				},
				"ogrnNum": {
					"type": "string",
					"minLength": 0,
					"maxLength": 5
				},
				"pledgeCoverageRate": {
					"type": "number"
				},
				"psScore": {
					"type": "number"
				},
				"salaryProjectFlg": {
					"type": "string"
				},
				"shortName": {
					"type": "string",
					"minLength": 0,
					"maxLength": 255
				},
				"systemId": {
					"type": "string",
					"minLength": 0,
					"maxLength": 20
				},
				"taxPayerNum": {
					"type": "string",
					"minLength": 0,
					"maxLength": 12
				}
			},
			"title": "DmPprofCorpCustomerDto"
		},
		"DmPprofCustomerAddressDto": {
			"type": "object",
			"properties": {
				"addressTypeCd": {
					"type": "string"
				},
				"building": {
					"type": "string"
				},
				"city": {
					"type": "string"
				},
				"construction": {
					"type": "string"
				},
				"countryCd": {
					"type": "string"
				},
				"district": {
					"type": "string"
				},
				"flat": {
					"type": "string"
				},
				"fullAddressInfo": {
					"type": "string"
				},
				"kladrCd": {
					"type": "string"
				},
				"mdmCustomerId": {
					"type": "string"
				},
				"regionCd": {
					"type": "string"
				},
				"street": {
					"type": "string"
				},
				"town": {
					"type": "string"
				},
				"zipCd": {
					"type": "string"
				}
			},
			"title": "DmPprofCustomerAddressDto"
		},
		"DmPprofCustomerDocumentDto": {
			"type": "object",
			"properties": {
				"departmentCd": {
					"type": "string"
				},
				"docNum": {
					"type": "string"
				},
				"docSeries": {
					"type": "string"
				},
				"documentTypeCd": {
					"type": "string"
				},
				"expirationDt": {
					"type": "string",
					"format": "date"
				},
				"issueDt": {
					"type": "string",
					"format": "date"
				},
				"issuerNm": {
					"type": "string"
				},
				"mdmCustomerId": {
					"type": "string"
				}
			},
			"title": "DmPprofCustomerDocumentDto"
		},
		"DmPprofCustomerSegmentDto": {
			"type": "object",
			"required": [
				"businessRegistrationDt",
				"customerSegmentTypeCd",
				"finishDttm",
				"licActivityKindNm",
				"mdmCustomerId",
				"startDttm",
				"trmPartyId"
			],
			"properties": {
				"businessRegistrationDt": {
					"type": "string",
					"format": "date"
				},
				"customerSegmentTypeCd": {
					"type": "string",
					"minLength": 0,
					"maxLength": 100
				},
				"dmPprofCorpAccount": {
					"type": "array",
					"items": {
						"$ref": "#/definitions/DmPprofCorpAccountDto"
					}
				},
				"dmPprofCorpAggClearTurn": {
					"type": "array",
					"items": {
						"$ref": "#/definitions/DmPprofCorpAggClearTurnDto"
					}
				},
				"dmPprofCorpAggSalaryTurn": {
					"type": "array",
					"items": {
						"$ref": "#/definitions/DmPprofCorpAggSalaryTurnDto"
					}
				},
				"dmPprofCorpCustomer": {
					"$ref": "#/definitions/DmPprofCorpCustomerDto"
				},
				"dmPprofCustomerAddress": {
					"type": "array",
					"items": {
						"$ref": "#/definitions/DmPprofCustomerAddressDto"
					}
				},
				"finishDttm": {
					"type": "string",
					"format": "date-time"
				},
				"licActivityKindNm": {
					"type": "string",
					"minLength": 0,
					"maxLength": 100
				},
				"mdmCustomerId": {
					"type": "string",
					"minLength": 0,
					"maxLength": 100
				},
				"sequenceId": {
					"type": "integer",
					"format": "int64"
				},
				"startDttm": {
					"type": "string",
					"format": "date-time"
				},
				"trmLeadKeyId": {
					"type": "string",
					"minLength": 0,
					"maxLength": 18
				},
				"trmPartyId": {
					"type": "integer",
					"format": "int64"
				}
			},
			"title": "DmPprofCustomerSegmentDto"
		},
		"DmPprofCustomerSegmentRltnDto": {
			"type": "object",
			"properties": {
				"customer": {
					"$ref": "#/definitions/CustomerDto"
				},
				"customerFlag": {
					"type": "array",
					"items": {
						"$ref": "#/definitions/CustomerFlagDto"
					}
				},
				"customerId": {
					"type": "integer",
					"format": "int64"
				},
				"dmCfAccount": {
					"type": "array",
					"items": {
						"$ref": "#/definitions/DmCfAccountDto"
					}
				},
				"dmCfAggCreditCard": {
					"type": "array",
					"items": {
						"$ref": "#/definitions/DmCfAggCreditCardDto"
					}
				},
				"dmCfAggDebetCard": {
					"type": "array",
					"items": {
						"$ref": "#/definitions/DmCfAggDebetCardDto"
					}
				},
				"dmCfAggDeposit": {
					"type": "array",
					"items": {
						"$ref": "#/definitions/DmCfAggDepositDto"
					}
				},
				"dmPprofContactIndividual": {
					"$ref": "#/definitions/DmPprofContactIndividualDto"
				},
				"dmPprofCustomerAddress": {
					"type": "array",
					"items": {
						"$ref": "#/definitions/DmPprofCustomerAddressDto"
					}
				},
				"dmPprofCustomerDocument": {
					"type": "array",
					"items": {
						"$ref": "#/definitions/DmPprofCustomerDocumentDto"
					}
				},
				"founderMdmCustomerId": {
					"type": "string"
				},
				"founderPart": {
					"type": "number"
				},
				"founderRelationCd": {
					"type": "string"
				},
				"incomeTransaction": {
					"type": "array",
					"items": {
						"$ref": "#/definitions/IncomeTransactionDto"
					}
				},
				"legalEntityId": {
					"type": "integer",
					"format": "int64"
				},
				"mdmCustomerId": {
					"type": "string"
				},
				"passiveAccount": {
					"type": "array",
					"items": {
						"$ref": "#/definitions/PassiveAccountDto"
					}
				},
				"trmLeadKeyId": {
					"type": "string"
				}
			},
			"title": "DmPprofCustomerSegmentRltnDto"
		},
		"FrontDto": {
			"type": "object",
			"properties": {
				"parameterName": {
					"type": "string",
					"minLength": 0,
					"maxLength": 200
				},
				"parameterValue": {
					"type": "string",
					"minLength": 0,
					"maxLength": 200
				}
			},
			"title": "FrontDto"
		},
		"IncomeTransactionDto": {
			"type": "object",
			"properties": {
				"accountNum": {
					"type": "string"
				},
				"customerMdmId": {
					"type": "string"
				},
				"id": {
					"type": "integer",
					"format": "int64"
				},
				"incomeAmt": {
					"type": "number"
				},
				"incomeDt": {
					"type": "string",
					"format": "date"
				},
				"incomeEnrollmentTypeCd": {
					"type": "number"
				},
				"sourceTaxNumber": {
					"type": "string"
				}
			},
			"title": "IncomeTransactionDto"
		},
		"IndividualsDto": {
			"type": "object",
			"required": [
				"countryOfCitizenshipCd",
				"dateOfBirth",
				"firstName",
				"idDocDepartmentCode",
				"idDocIssueDate",
				"idDocIssuedBy",
				"idDocNumber",
				"idDocSeries",
				"individualType",
				"lastName",
				"mdmId",
				"placeOfBirth",
				"snils"
			],
			"properties": {
				"addresses": {
					"type": "array",
					"items": {
						"$ref": "#/definitions/AddressDto"
					}
				},
				"countryOfCitizenshipCd": {
					"type": "string"
				},
				"customerId": {
					"type": "integer",
					"format": "int64"
				},
				"dateOfBirth": {
					"type": "string",
					"format": "date"
				},
				"dmPprofCustomerSegmentRltn": {
					"$ref": "#/definitions/DmPprofCustomerSegmentRltnDto"
				},
				"firstName": {
					"type": "string",
					"minLength": 0,
					"maxLength": 50
				},
				"founderPart": {
					"type": "integer",
					"format": "int32"
				},
				"genderMdmId": {
					"type": "string"
				},
				"idDocDepartmentCode": {
					"type": "string",
					"minLength": 0,
					"maxLength": 30
				},
				"idDocIssueDate": {
					"type": "string",
					"format": "date"
				},
				"idDocIssuedBy": {
					"type": "string",
					"minLength": 0,
					"maxLength": 500
				},
				"idDocNumber": {
					"type": "string",
					"minLength": 0,
					"maxLength": 100
				},
				"idDocSeries": {
					"type": "string",
					"minLength": 0,
					"maxLength": 100
				},
				"individualType": {
					"type": "string"
				},
				"lastName": {
					"type": "string",
					"minLength": 0,
					"maxLength": 50
				},
				"mdmId": {
					"type": "string",
					"minLength": 0,
					"maxLength": 100
				},
				"middleName": {
					"type": "string",
					"minLength": 0,
					"maxLength": 50
				},
				"phones": {
					"type": "array",
					"items": {
						"$ref": "#/definitions/PhoneDto"
					}
				},
				"placeOfBirth": {
					"type": "string",
					"minLength": 0,
					"maxLength": 100
				},
				"snils": {
					"type": "string",
					"minLength": 0,
					"maxLength": 50
				},
				"tin": {
					"type": "string"
				}
			},
			"title": "IndividualsDto"
		},
		"IndividualsIdDto": {
			"type": "object",
			"properties": {
				"customersId": {
					"type": "array",
					"items": {
						"type": "integer",
						"format": "int64"
					}
				}
			},
			"title": "IndividualsIdDto"
		},
		"IndividualsInfoDto": {
			"type": "object",
			"properties": {
				"dmPprofCustomerSegmentRltn": {
					"$ref": "#/definitions/DmPprofCustomerSegmentRltnDto"
				}
			},
			"title": "IndividualsInfoDto"
		},
		"IndividualsInfoRequest": {
			"type": "object",
			"properties": {
				"individuals": {
					"$ref": "#/definitions/IndividualsInfoDto"
				}
			},
			"title": "IndividualsInfoRequest"
		},
		"IndividualsRequest": {
			"type": "object",
			"properties": {
				"individuals": {
					"type": "array",
					"items": {
						"$ref": "#/definitions/IndividualsDto"
					}
				}
			},
			"title": "IndividualsRequest"
		},
		"IndividualsResponse": {
			"type": "object",
			"properties": {
				"individuals": {
					"$ref": "#/definitions/IndividualsIdDto"
				}
			},
			"title": "IndividualsResponse"
		},
		"LegalApplicationParametersBcsDto": {
			"type": "object",
			"required": [
				"answerDate",
				"answerTime",
				"applicationId",
				"decision",
				"decisionEmployee",
				"legalEntityId",
				"mdmCustomerId",
				"mdmCustomerRk",
				"reportLink"
			],
			"properties": {
				"answerDate": {
					"type": "string",
					"format": "date"
				},
				"answerTime": {
					"type": "string"
				},
				"applicationId": {
					"type": "string",
					"minLength": 0,
					"maxLength": 500
				},
				"decision": {
					"type": "string",
					"minLength": 0,
					"maxLength": 500
				},
				"decisionEmployee": {
					"type": "string",
					"minLength": 0,
					"maxLength": 500
				},
				"legalEntityId": {
					"type": "integer",
					"format": "int64"
				},
				"mdmCustomerId": {
					"type": "string"
				},
				"mdmCustomerRk": {
					"type": "integer",
					"format": "int64"
				},
				"reportLink": {
					"type": "string",
					"minLength": 0,
					"maxLength": 500
				}
			},
			"title": "LegalApplicationParametersBcsDto"
		},
		"LegalApplicationStatusBcsDto": {
			"type": "object",
			"properties": {
				"applicationId": {
					"type": "string"
				},
				"applicationStatus": {
					"type": "string"
				},
				"errorCd": {
					"type": "string"
				},
				"errorMsg": {
					"type": "string"
				},
				"mdmCustomerId": {
					"type": "string"
				},
				"mdmCustomerRk": {
					"type": "integer",
					"format": "int64"
				},
				"operationCd": {
					"type": "string"
				},
				"requestId": {
					"type": "string"
				}
			},
			"title": "LegalApplicationStatusBcsDto"
		},
		"LegalEntityDto": {
			"type": "object",
			"properties": {
				"activityKindMdmId": {
					"type": "string"
				},
				"addresses": {
					"type": "array",
					"items": {
						"$ref": "#/definitions/AddressDto"
					}
				},
				"bkiConsentObtain": {
					"type": "string"
				},
				"bkiConsentObtainDate": {
					"type": "string",
					"format": "date"
				},
				"businessRegDate": {
					"type": "string",
					"format": "date"
				},
				"countryOfBusinessRegCd": {
					"type": "string"
				},
				"fullName": {
					"type": "string"
				},
				"legalformMdmId": {
					"type": "string"
				},
				"mdmId": {
					"type": "string"
				},
				"monthlyProceeds": {
					"type": "number"
				},
				"ogrn": {
					"type": "string"
				},
				"phones": {
					"type": "array",
					"items": {
						"$ref": "#/definitions/PhoneDto"
					}
				},
				"salaryProjectFlg": {
					"type": "string"
				},
				"shortName": {
					"type": "string"
				},
				"tin": {
					"type": "string"
				}
			},
			"title": "LegalEntityDto"
		},
		"LegalEntityDtoReq": {
			"type": "object",
			"properties": {
				"legalEntityInfo": {
					"$ref": "#/definitions/LegalEntityInfoDtoReq"
				}
			},
			"title": "LegalEntityDtoReq"
		},
		"LegalEntityDtoRes": {
			"type": "object",
			"properties": {
				"legalEntityInfo": {
					"$ref": "#/definitions/LegalEntityInfoDtoRes"
				}
			},
			"title": "LegalEntityDtoRes"
		},
		"LegalEntityIdDto": {
			"type": "object",
			"properties": {
				"legalEntityId": {
					"type": "integer",
					"format": "int64"
				}
			},
			"title": "LegalEntityIdDto"
		},
		"LegalEntityInfo": {
			"type": "object",
			"properties": {
				"customerMdmId": {
					"type": "string"
				},
				"dmPprofCustomerSegment": {
					"$ref": "#/definitions/DmPprofCustomerSegmentDto"
				}
			},
			"title": "LegalEntityInfo"
		},
		"LegalEntityInfoDtoReq": {
			"type": "object",
			"properties": {
				"individuals": {
					"type": "array",
					"items": {
						"$ref": "#/definitions/IndividualsDto"
					}
				},
				"liabilityDedupLegalEntity": {
					"$ref": "#/definitions/LiabilityDedup"
				},
				"logParameters": {
					"type": "array",
					"items": {
						"$ref": "#/definitions/LogParametersDto"
					}
				},
				"sprAggregates": {
					"$ref": "#/definitions/SprAggregatesDto"
				}
			},
			"title": "LegalEntityInfoDtoReq"
		},
		"LegalEntityInfoDtoRes": {
			"type": "object",
			"properties": {
				"individuals": {
					"type": "array",
					"items": {
						"$ref": "#/definitions/IndividualsDto"
					}
				},
				"liabilityDedupLegalEntity": {
					"$ref": "#/definitions/LiabilityDedup"
				},
				"logParameters": {
					"type": "array",
					"items": {
						"$ref": "#/definitions/LogParametersDto"
					}
				},
				"sprAggregates": {
					"$ref": "#/definitions/SprAggregatesDto"
				}
			},
			"title": "LegalEntityInfoDtoRes"
		},
		"LegalEntityInfoRequest": {
			"type": "object",
			"properties": {
				"legalEntityInfo": {
					"$ref": "#/definitions/LegalEntityInfo"
				}
			},
			"title": "LegalEntityInfoRequest"
		},
		"LegalEntityRequest": {
			"type": "object",
			"properties": {
				"legalEntity": {
					"$ref": "#/definitions/LegalEntityDto"
				}
			},
			"title": "LegalEntityRequest"
		},
		"LegalEntityResponse": {
			"type": "object",
			"properties": {
				"legalEntity": {
					"$ref": "#/definitions/LegalEntityWithInfoDto"
				}
			},
			"title": "LegalEntityResponse"
		},
		"LegalEntityWithInfoDto": {
			"type": "object",
			"required": [
				"activityKindMdmId",
				"addresses",
				"bkiConsentObtain",
				"bkiConsentObtainDate",
				"businessRegDate",
				"businessRegistrationDt",
				"countryOfBusinessRegCd",
				"fullName",
				"legalFormMdmId",
				"mdmId",
				"monthlyProceeds",
				"ogrn",
				"phones",
				"salaryProjectFlg",
				"shortName",
				"tin"
			],
			"properties": {
				"activityKindMdmId": {
					"type": "string"
				},
				"addresses": {
					"type": "array",
					"items": {
						"$ref": "#/definitions/AddressDto"
					}
				},
				"bkiConsentObtain": {
					"type": "string"
				},
				"bkiConsentObtainDate": {
					"type": "string",
					"format": "date"
				},
				"businessRegDate": {
					"type": "string",
					"format": "date"
				},
				"businessRegistrationDt": {
					"type": "string",
					"format": "date"
				},
				"countryOfBusinessRegCd": {
					"type": "string"
				},
				"fullName": {
					"type": "string",
					"minLength": 0,
					"maxLength": 500
				},
				"legalEntityId": {
					"type": "integer",
					"format": "int64"
				},
				"legalEntityInfo": {
					"$ref": "#/definitions/LegalEntityInfo"
				},
				"legalFormMdmId": {
					"type": "string"
				},
				"mdmId": {
					"type": "string",
					"minLength": 0,
					"maxLength": 100
				},
				"monthlyProceeds": {
					"type": "number"
				},
				"ogrn": {
					"type": "string"
				},
				"phones": {
					"type": "array",
					"items": {
						"$ref": "#/definitions/PhoneDto"
					}
				},
				"salaryProjectFlg": {
					"type": "string"
				},
				"shortName": {
					"type": "string",
					"minLength": 0,
					"maxLength": 500
				},
				"tin": {
					"type": "string"
				}
			},
			"title": "LegalEntityWithInfoDto"
		},
		"LegalPersonalInformationBcsDto": {
			"type": "object",
			"required": [
				"additionalComments",
				"bcsCd",
				"businessAddress",
				"checkCall",
				"checkEmployee",
				"checkLevel",
				"checkMaxLevel",
				"codesBcs",
				"comments",
				"customerId",
				"customerType",
				"legalEntityId",
				"mdmCustomerId",
				"officeAddress",
				"riskComments",
				"verificationVector"
			],
			"properties": {
				"additionalComments": {
					"type": "string",
					"minLength": 0,
					"maxLength": 500
				},
				"bcsCd": {
					"type": "string",
					"minLength": 0,
					"maxLength": 500
				},
				"businessAddress": {
					"type": "string",
					"minLength": 0,
					"maxLength": 500
				},
				"checkCall": {
					"type": "string",
					"minLength": 0,
					"maxLength": 500
				},
				"checkEmployee": {
					"type": "string",
					"minLength": 0,
					"maxLength": 500
				},
				"checkLevel": {
					"type": "string",
					"minLength": 0,
					"maxLength": 500
				},
				"checkMaxLevel": {
					"type": "string",
					"minLength": 0,
					"maxLength": 500
				},
				"codesBcs": {
					"type": "string",
					"minLength": 0,
					"maxLength": 500
				},
				"comments": {
					"type": "string",
					"minLength": 0,
					"maxLength": 500
				},
				"customerId": {
					"type": "integer",
					"format": "int64"
				},
				"customerType": {
					"type": "string",
					"minLength": 0,
					"maxLength": 500
				},
				"legalEntityId": {
					"type": "integer",
					"format": "int64"
				},
				"mdmCustomerId": {
					"type": "string"
				},
				"officeAddress": {
					"type": "string",
					"minLength": 0,
					"maxLength": 500
				},
				"riskComments": {
					"type": "string",
					"minLength": 0,
					"maxLength": 500
				},
				"verificationVector": {
					"type": "string",
					"minLength": 0,
					"maxLength": 500
				}
			},
			"title": "LegalPersonalInformationBcsDto"
		},
		"LiabilityDedup": {
			"type": "object",
			"properties": {
				"totalAnnuity": {
					"type": "number"
				},
				"totalLimit": {
					"type": "number"
				}
			},
			"title": "LiabilityDedup"
		},
		"Link": {
			"type": "object",
			"properties": {
				"href": {
					"type": "string"
				},
				"templated": {
					"type": "boolean"
				}
			},
			"title": "Link"
		},
		"LoanApplicationDto": {
			"type": "object",
			"required": [
				"channelCd",
				"loanApplicationCreateDateTime",
				"loanApplicationExtId",
				"statusCdExt",
				"technologyCd"
			],
			"properties": {
				"channelCd": {
					"type": "string",
					"minLength": 0,
					"maxLength": 20
				},
				"creditParameters": {
					"$ref": "#/definitions/CreditParamExtDto"
				},
				"legalEntity": {
					"$ref": "#/definitions/LegalEntityDto"
				},
				"loanApplicationCreateDateTime": {
					"type": "string",
					"format": "date-time"
				},
				"loanApplicationExtId": {
					"type": "string",
					"minLength": 0,
					"maxLength": 100
				},
				"statusCdExt": {
					"type": "string",
					"minLength": 0,
					"maxLength": 18
				},
				"technologyCd": {
					"type": "string",
					"minLength": 0,
					"maxLength": 18
				}
			},
			"title": "LoanApplicationDto"
		},
		"LoanApplicationDtoReq": {
			"type": "object",
			"required": [
				"channelCd",
				"loanApplicationCreateDateTime",
				"loanApplicationExtId",
				"statusCdExt",
				"technologyCd"
			],
			"properties": {
				"channelCd": {
					"type": "string",
					"minLength": 0,
					"maxLength": 20
				},
				"creditParameters": {
					"$ref": "#/definitions/CreditParamExtDtoReq"
				},
				"front": {
					"type": "array",
					"items": {
						"$ref": "#/definitions/FrontDto"
					}
				},
				"loanApplicationCreateDateTime": {
					"type": "string",
					"format": "date-time"
				},
				"loanApplicationExtId": {
					"type": "string",
					"minLength": 0,
					"maxLength": 100
				},
				"loanRequestId": {
					"type": "string",
					"minLength": 0,
					"maxLength": 36
				},
				"statusCdExt": {
					"type": "string",
					"minLength": 0,
					"maxLength": 18
				},
				"technologyCd": {
					"type": "string",
					"minLength": 0,
					"maxLength": 18
				}
			},
			"title": "LoanApplicationDtoReq"
		},
		"LoanApplicationDtoRes": {
			"type": "object",
			"required": [
				"channelCd",
				"loanApplicationCreateDateTime",
				"loanApplicationExtId",
				"statusCdExt",
				"technologyCd"
			],
			"properties": {
				"channelCd": {
					"type": "string",
					"minLength": 0,
					"maxLength": 20
				},
				"creditParameters": {
					"$ref": "#/definitions/CreditParamExtDtoRes"
				},
				"front": {
					"type": "array",
					"items": {
						"$ref": "#/definitions/FrontDto"
					}
				},
				"loanApplicationCreateDateTime": {
					"type": "string",
					"format": "date-time"
				},
				"loanApplicationExtId": {
					"type": "string",
					"minLength": 0,
					"maxLength": 100
				},
				"loanRequestId": {
					"type": "string",
					"minLength": 0,
					"maxLength": 36
				},
				"statusCdExt": {
					"type": "string",
					"minLength": 0,
					"maxLength": 18
				},
				"technologyCd": {
					"type": "string",
					"minLength": 0,
					"maxLength": 18
				}
			},
			"title": "LoanApplicationDtoRes"
		},
		"LoanRequestDtoReq": {
			"type": "object",
			"properties": {
				"loanRequest": {
					"$ref": "#/definitions/LoanApplicationDtoReq"
				}
			},
			"title": "LoanRequestDtoReq"
		},
		"LoanRequestDtoRes": {
			"type": "object",
			"properties": {
				"loanRequest": {
					"$ref": "#/definitions/LoanApplicationDtoRes"
				}
			},
			"title": "LoanRequestDtoRes"
		},
		"LoanRequestIdDto": {
			"type": "object",
			"properties": {
				"loanRequestId": {
					"type": "string"
				}
			},
			"title": "LoanRequestIdDto"
		},
		"LoanResponseDto": {
			"type": "object",
			"properties": {
				"loanApplication": {
					"$ref": "#/definitions/LoanRequestIdDto"
				}
			},
			"title": "LoanResponseDto"
		},
		"LoanStatusDto": {
			"type": "object",
			"properties": {
				"statusCdExt": {
					"type": "string"
				}
			},
			"title": "LoanStatusDto"
		},
		"LoanStatusResponseDto": {
			"type": "object",
			"properties": {
				"loanApplication": {
					"$ref": "#/definitions/LoanStatusDto"
				}
			},
			"title": "LoanStatusResponseDto"
		},
		"LogParametersDto": {
			"type": "object",
			"properties": {
				"name": {
					"type": "string",
					"minLength": 0,
					"maxLength": 100
				},
				"type": {
					"type": "string"
				},
				"value": {
					"type": "string"
				}
			},
			"title": "LogParametersDto"
		},
		"LogParametersIndividualDto": {
			"type": "object",
			"properties": {
				"name": {
					"type": "string",
					"minLength": 0,
					"maxLength": 100
				},
				"type": {
					"type": "string"
				},
				"value": {
					"type": "string"
				}
			},
			"title": "LogParametersIndividualDto"
		},
		"ModelAndView": {
			"type": "object",
			"properties": {
				"empty": {
					"type": "boolean"
				},
				"model": {
					"type": "object"
				},
				"modelMap": {
					"type": "object",
					"additionalProperties": {
						"type": "object"
					}
				},
				"reference": {
					"type": "boolean"
				},
				"status": {
					"type": "string",
					"enum": [
						"ACCEPTED",
						"ALREADY_REPORTED",
						"BAD_GATEWAY",
						"BAD_REQUEST",
						"BANDWIDTH_LIMIT_EXCEEDED",
						"CHECKPOINT",
						"CONFLICT",
						"CONTINUE",
						"CREATED",
						"DESTINATION_LOCKED",
						"EXPECTATION_FAILED",
						"FAILED_DEPENDENCY",
						"FORBIDDEN",
						"FOUND",
						"GATEWAY_TIMEOUT",
						"GONE",
						"HTTP_VERSION_NOT_SUPPORTED",
						"IM_USED",
						"INSUFFICIENT_SPACE_ON_RESOURCE",
						"INSUFFICIENT_STORAGE",
						"INTERNAL_SERVER_ERROR",
						"I_AM_A_TEAPOT",
						"LENGTH_REQUIRED",
						"LOCKED",
						"LOOP_DETECTED",
						"METHOD_FAILURE",
						"METHOD_NOT_ALLOWED",
						"MOVED_PERMANENTLY",
						"MOVED_TEMPORARILY",
						"MULTIPLE_CHOICES",
						"MULTI_STATUS",
						"NETWORK_AUTHENTICATION_REQUIRED",
						"NON_AUTHORITATIVE_INFORMATION",
						"NOT_ACCEPTABLE",
						"NOT_EXTENDED",
						"NOT_FOUND",
						"NOT_IMPLEMENTED",
						"NOT_MODIFIED",
						"NO_CONTENT",
						"OK",
						"PARTIAL_CONTENT",
						"PAYLOAD_TOO_LARGE",
						"PAYMENT_REQUIRED",
						"PERMANENT_REDIRECT",
						"PRECONDITION_FAILED",
						"PRECONDITION_REQUIRED",
						"PROCESSING",
						"PROXY_AUTHENTICATION_REQUIRED",
						"REQUESTED_RANGE_NOT_SATISFIABLE",
						"REQUEST_ENTITY_TOO_LARGE",
						"REQUEST_HEADER_FIELDS_TOO_LARGE",
						"REQUEST_TIMEOUT",
						"REQUEST_URI_TOO_LONG",
						"RESET_CONTENT",
						"SEE_OTHER",
						"SERVICE_UNAVAILABLE",
						"SWITCHING_PROTOCOLS",
						"TEMPORARY_REDIRECT",
						"TOO_EARLY",
						"TOO_MANY_REQUESTS",
						"UNAUTHORIZED",
						"UNAVAILABLE_FOR_LEGAL_REASONS",
						"UNPROCESSABLE_ENTITY",
						"UNSUPPORTED_MEDIA_TYPE",
						"UPGRADE_REQUIRED",
						"URI_TOO_LONG",
						"USE_PROXY",
						"VARIANT_ALSO_NEGOTIATES"
					]
				},
				"view": {
					"$ref": "#/definitions/View"
				},
				"viewName": {
					"type": "string"
				}
			},
			"title": "ModelAndView"
		},
		"Pageable": {
			"type": "object",
			"properties": {
				"offset": {
					"type": "integer",
					"format": "int64"
				},
				"pageNumber": {
					"type": "integer",
					"format": "int32"
				},
				"pageSize": {
					"type": "integer",
					"format": "int32"
				},
				"paged": {
					"type": "boolean"
				},
				"sort": {
					"$ref": "#/definitions/Sort"
				},
				"unpaged": {
					"type": "boolean"
				}
			},
			"title": "Pageable"
		},
		"Page«SearchDto»": {
			"type": "object",
			"properties": {
				"content": {
					"type": "array",
					"items": {
						"$ref": "#/definitions/SearchDto"
					}
				},
				"empty": {
					"type": "boolean"
				},
				"first": {
					"type": "boolean"
				},
				"last": {
					"type": "boolean"
				},
				"number": {
					"type": "integer",
					"format": "int32"
				},
				"numberOfElements": {
					"type": "integer",
					"format": "int32"
				},
				"pageable": {
					"$ref": "#/definitions/Pageable"
				},
				"size": {
					"type": "integer",
					"format": "int32"
				},
				"sort": {
					"$ref": "#/definitions/Sort"
				},
				"totalElements": {
					"type": "integer",
					"format": "int64"
				},
				"totalPages": {
					"type": "integer",
					"format": "int32"
				}
			},
			"title": "Page«SearchDto»"
		},
		"PassiveAccountDto": {
			"type": "object",
			"properties": {
				"accountNum": {
					"type": "string"
				},
				"accountTypeCd": {
					"type": "number"
				},
				"balCurrentCurrencyAmt": {
					"type": "number"
				},
				"balCurrentRubAmt": {
					"type": "number"
				},
				"balMonLastDayCurrAmt": {
					"type": "number"
				},
				"balMonLastDayRubAmt": {
					"type": "number"
				},
				"closeFactDt": {
					"type": "string",
					"format": "date"
				},
				"currencyCd": {
					"type": "number"
				},
				"customerMdmId": {
					"type": "string"
				},
				"depositPeriodMonCnt": {
					"type": "integer",
					"format": "int32"
				},
				"id": {
					"type": "integer",
					"format": "int64"
				},
				"openDt": {
					"type": "string",
					"format": "date"
				},
				"passiveAccountAgrRk": {
					"type": "string"
				},
				"passiveAccountRk": {
					"type": "number"
				}
			},
			"title": "PassiveAccountDto"
		},
		"PhoneDto": {
			"type": "object",
			"required": [
				"phoneNumber",
				"phoneTypeMdmId"
			],
			"properties": {
				"id": {
					"type": "integer",
					"format": "int64"
				},
				"phoneNumber": {
					"type": "string",
					"minLength": 0,
					"maxLength": 50
				},
				"phoneTypeMdmId": {
					"type": "string",
					"minLength": 0,
					"maxLength": 100
				}
			},
			"title": "PhoneDto"
		},
		"RbgConnectionsDto": {
			"type": "object",
			"required": [
				"mdmCustomerId"
			],
			"properties": {
				"connectionForm": {
					"type": "string",
					"minLength": 0,
					"maxLength": 500
				},
				"connectionId": {
					"type": "string",
					"minLength": 0,
					"maxLength": 500
				},
				"connectionType": {
					"type": "string",
					"minLength": 0,
					"maxLength": 500
				},
				"customerConnectionId": {
					"type": "string",
					"minLength": 0,
					"maxLength": 500
				},
				"legalEntityId": {
					"type": "integer",
					"format": "int64"
				},
				"mdmCustomerId": {
					"type": "string",
					"minLength": 0,
					"maxLength": 500
				},
				"stake": {
					"type": "string",
					"minLength": 0,
					"maxLength": 500
				}
			},
			"title": "RbgConnectionsDto"
		},
		"RbgDto": {
			"type": "object",
			"properties": {
				"loanRequestId": {
					"type": "string"
				},
				"rbgConnections": {
					"$ref": "#/definitions/RbgConnectionsDto"
				},
				"rbgId": {
					"type": "string"
				},
				"rbgIndividual": {
					"$ref": "#/definitions/RbgIndividualDto"
				},
				"rbgIndividualsObligations": {
					"$ref": "#/definitions/RbgIndividualsObligationsDto"
				},
				"rbgInformation": {
					"$ref": "#/definitions/RbgInformationDto"
				},
				"rbgLegalEntity": {
					"$ref": "#/definitions/RbgLegalEntityDto"
				},
				"rbgLegalEntityObligations": {
					"$ref": "#/definitions/RbgLegalEntityObligationsDto"
				}
			},
			"title": "RbgDto"
		},
		"RbgIdDto": {
			"type": "object",
			"properties": {
				"rbgId": {
					"type": "string"
				}
			},
			"title": "RbgIdDto"
		},
		"RbgIndividualDto": {
			"type": "object",
			"required": [
				"lastNm",
				"mdmCustomerId"
			],
			"properties": {
				"birthDt": {
					"type": "string",
					"format": "date"
				},
				"birthPlace": {
					"type": "string",
					"minLength": 0,
					"maxLength": 500
				},
				"countryCd": {
					"type": "string",
					"minLength": 0,
					"maxLength": 500
				},
				"customerId": {
					"type": "integer",
					"format": "int64",
					"minimum": 1,
					"exclusiveMinimum": false
				},
				"departmentCd": {
					"type": "string",
					"minLength": 0,
					"maxLength": 500
				},
				"departmentNm": {
					"type": "string",
					"minLength": 0,
					"maxLength": 500
				},
				"docNum": {
					"type": "string",
					"minLength": 0,
					"maxLength": 500
				},
				"docSeries": {
					"type": "string",
					"minLength": 0,
					"maxLength": 500
				},
				"docType": {
					"type": "string",
					"minLength": 0,
					"maxLength": 500
				},
				"endDt": {
					"type": "string",
					"format": "date"
				},
				"firstNm": {
					"type": "string",
					"minLength": 0,
					"maxLength": 500
				},
				"gender": {
					"type": "string",
					"minLength": 0,
					"maxLength": 500
				},
				"issueDt": {
					"type": "string",
					"format": "date"
				},
				"lastNm": {
					"type": "string",
					"minLength": 0,
					"maxLength": 500
				},
				"legalEntityId": {
					"type": "integer",
					"format": "int64"
				},
				"mdmCustomerId": {
					"type": "string",
					"minLength": 0,
					"maxLength": 100
				},
				"middleNm": {
					"type": "string",
					"minLength": 0,
					"maxLength": 500
				}
			},
			"title": "RbgIndividualDto"
		},
		"RbgIndividualsObligationsDto": {
			"type": "object",
			"required": [
				"obligationForm",
				"subproductCd",
				"technology"
			],
			"properties": {
				"branch": {
					"type": "string",
					"minLength": 0,
					"maxLength": 500
				},
				"clousureDt": {
					"type": "string",
					"format": "date"
				},
				"connectionMark": {
					"type": "string",
					"minLength": 0,
					"maxLength": 500
				},
				"contractId": {
					"type": "string",
					"minLength": 0,
					"maxLength": 500
				},
				"creditContractStatus": {
					"type": "string",
					"minLength": 0,
					"maxLength": 500
				},
				"currencyCd": {
					"type": "string",
					"minLength": 0,
					"maxLength": 500
				},
				"delaySumm": {
					"type": "number"
				},
				"delayTime": {
					"type": "number"
				},
				"endDt": {
					"type": "string",
					"format": "date"
				},
				"individualObligationsId": {
					"type": "number"
				},
				"legalEntityId": {
					"type": "integer",
					"format": "int64"
				},
				"mdmCustomerId": {
					"type": "string",
					"minLength": 0,
					"maxLength": 100
				},
				"monthlyDebtLoad": {
					"type": "number"
				},
				"numberDelay3160": {
					"type": "integer",
					"format": "int32"
				},
				"numberDelay6190": {
					"type": "integer",
					"format": "int32"
				},
				"numberDelay630": {
					"type": "integer",
					"format": "int32"
				},
				"numberDelay90": {
					"type": "integer",
					"format": "int32"
				},
				"obligationForm": {
					"type": "string",
					"minLength": 0,
					"maxLength": 500
				},
				"obligationSummCurrent": {
					"type": "number"
				},
				"obligationSummInitial": {
					"type": "number"
				},
				"obligationType": {
					"type": "string",
					"minLength": 0,
					"maxLength": 500
				},
				"occurrenceDt": {
					"type": "string",
					"format": "date"
				},
				"originalContract": {
					"type": "string",
					"minLength": 0,
					"maxLength": 500
				},
				"parentalContractNum": {
					"type": "string",
					"minLength": 0,
					"maxLength": 500
				},
				"productCd": {
					"type": "string",
					"minLength": 0,
					"maxLength": 500
				},
				"subproductCd": {
					"type": "string",
					"minLength": 0,
					"maxLength": 500
				},
				"systemId": {
					"type": "string",
					"minLength": 0,
					"maxLength": 500
				},
				"technology": {
					"type": "string",
					"minLength": 0,
					"maxLength": 500
				}
			},
			"title": "RbgIndividualsObligationsDto"
		},
		"RbgInformationDto": {
			"type": "object",
			"required": [
				"mdmCustomerId",
				"totalLiabilities"
			],
			"properties": {
				"descriptionError": {
					"type": "string",
					"minLength": 0,
					"maxLength": 250
				},
				"legalEntityId": {
					"type": "integer",
					"format": "int64"
				},
				"mdmCustomerId": {
					"type": "string",
					"minLength": 0,
					"maxLength": 100
				},
				"rbgConnections": {
					"$ref": "#/definitions/RbgConnectionsDto"
				},
				"rbgIndividual": {
					"type": "array",
					"items": {
						"$ref": "#/definitions/RbgIndividualDto"
					}
				},
				"rbgIndividualsObligations": {
					"type": "array",
					"items": {
						"$ref": "#/definitions/RbgIndividualsObligationsDto"
					}
				},
				"rbgLegalEntity": {
					"type": "array",
					"items": {
						"$ref": "#/definitions/RbgLegalEntityDto"
					}
				},
				"rbgLegalEntityObligations": {
					"type": "array",
					"items": {
						"$ref": "#/definitions/RbgLegalEntityObligationsDto"
					}
				},
				"resultCd": {
					"type": "string",
					"minLength": 0,
					"maxLength": 10
				},
				"totalLiabilities": {
					"type": "number"
				},
				"totalLiabilitiesExpress": {
					"type": "number"
				}
			},
			"title": "RbgInformationDto"
		},
		"RbgLegalEntityDto": {
			"type": "object",
			"required": [
				"fullNm",
				"mdmCustomerId"
			],
			"properties": {
				"certificateNum": {
					"type": "string",
					"minLength": 0,
					"maxLength": 500
				},
				"country": {
					"type": "string",
					"minLength": 0,
					"maxLength": 500
				},
				"customerId": {
					"type": "integer",
					"format": "int64"
				},
				"customerType": {
					"type": "string",
					"minLength": 0,
					"maxLength": 500
				},
				"fullNm": {
					"type": "string",
					"minLength": 0,
					"maxLength": 500
				},
				"innNum": {
					"type": "string",
					"minLength": 0,
					"maxLength": 500
				},
				"legalEntityId": {
					"type": "integer",
					"format": "int64"
				},
				"legalStatus": {
					"type": "string",
					"minLength": 0,
					"maxLength": 500
				},
				"mdmCustomerId": {
					"type": "string",
					"minLength": 0,
					"maxLength": 100
				},
				"ogrnNum": {
					"type": "string",
					"minLength": 0,
					"maxLength": 500
				},
				"okpoNum": {
					"type": "string",
					"minLength": 0,
					"maxLength": 500
				},
				"registrationDt": {
					"type": "string",
					"format": "date"
				},
				"registrationOrganization": {
					"type": "string",
					"minLength": 0,
					"maxLength": 500
				},
				"shortNm": {
					"type": "string",
					"minLength": 0,
					"maxLength": 500
				}
			},
			"title": "RbgLegalEntityDto"
		},
		"RbgLegalEntityObligationsDto": {
			"type": "object",
			"required": [
				"mdmCustomerId",
				"obligationForm",
				"productCd",
				"subproductCd",
				"technology"
			],
			"properties": {
				"branch": {
					"type": "string",
					"minLength": 0,
					"maxLength": 500
				},
				"clousureDt": {
					"type": "string",
					"format": "date"
				},
				"connectionMark": {
					"type": "string",
					"minLength": 0,
					"maxLength": 500
				},
				"contractId": {
					"type": "string"
				},
				"creditContractStatus": {
					"type": "string",
					"minLength": 0,
					"maxLength": 500
				},
				"currencyCd": {
					"type": "string",
					"minLength": 0,
					"maxLength": 500
				},
				"delaySumm": {
					"type": "number"
				},
				"delayTime": {
					"type": "number"
				},
				"endDt": {
					"type": "string",
					"format": "date"
				},
				"guaranteeType": {
					"type": "string",
					"minLength": 0,
					"maxLength": 500
				},
				"legalEntityId": {
					"type": "integer",
					"format": "int64"
				},
				"legalEntityObligationsId": {
					"type": "number"
				},
				"mdmCustomerId": {
					"type": "string",
					"minLength": 0,
					"maxLength": 100
				},
				"monthlyDebtLoad": {
					"type": "number"
				},
				"numberDelay3160": {
					"type": "integer",
					"format": "int32"
				},
				"numberDelay6190": {
					"type": "integer",
					"format": "int32"
				},
				"numberDelay630": {
					"type": "integer",
					"format": "int32"
				},
				"numberDelay90": {
					"type": "integer",
					"format": "int32"
				},
				"obligationForm": {
					"type": "string",
					"minLength": 0,
					"maxLength": 500
				},
				"obligationSummCurrent": {
					"type": "number"
				},
				"obligationSummInitial": {
					"type": "number"
				},
				"obligationType": {
					"type": "string",
					"minLength": 0,
					"maxLength": 500
				},
				"occurrenceDt": {
					"type": "string",
					"format": "date"
				},
				"originalContract": {
					"type": "string",
					"minLength": 0,
					"maxLength": 500
				},
				"parentalContractNum": {
					"type": "string",
					"minLength": 0,
					"maxLength": 500
				},
				"productCd": {
					"type": "string",
					"minLength": 0,
					"maxLength": 500
				},
				"subproductCd": {
					"type": "string",
					"minLength": 0,
					"maxLength": 500
				},
				"systemId": {
					"type": "string",
					"minLength": 0,
					"maxLength": 500
				},
				"technology": {
					"type": "string",
					"minLength": 0,
					"maxLength": 500
				}
			},
			"title": "RbgLegalEntityObligationsDto"
		},
		"RbgRequest": {
			"type": "object",
			"properties": {
				"rbgInformation": {
					"$ref": "#/definitions/RbgInformationDto"
				}
			},
			"title": "RbgRequest"
		},
		"RbgResponse": {
			"type": "object",
			"properties": {
				"rbg": {
					"$ref": "#/definitions/RbgIdDto"
				}
			},
			"title": "RbgResponse"
		},
		"SaveLegalEntityResponse": {
			"type": "object",
			"properties": {
				"legalEntity": {
					"$ref": "#/definitions/LegalEntityIdDto"
				}
			},
			"title": "SaveLegalEntityResponse"
		},
		"ScoreCardDto": {
			"type": "object",
			"properties": {
				"cutOff": {
					"type": "number"
				},
				"finalScore": {
					"type": "number"
				},
				"score": {
					"type": "number"
				},
				"scorecardCd": {
					"type": "string"
				},
				"scorecardParameters": {
					"type": "array",
					"items": {
						"$ref": "#/definitions/ScoreCardParametersDto"
					}
				}
			},
			"title": "ScoreCardDto"
		},
		"ScoreCardParametersDto": {
			"type": "object",
			"properties": {
				"parameterBucket": {
					"type": "string"
				},
				"parameterName": {
					"type": "string"
				},
				"parameterValue": {
					"type": "string"
				},
				"parameterWeight": {
					"type": "string"
				}
			},
			"title": "ScoreCardParametersDto"
		},
		"SearchDto": {
			"type": "object",
			"properties": {
				"loanApplication": {
					"$ref": "#/definitions/LoanApplicationDto"
				}
			},
			"title": "SearchDto"
		},
		"Sort": {
			"type": "object",
			"properties": {
				"empty": {
					"type": "boolean"
				},
				"sorted": {
					"type": "boolean"
				},
				"unsorted": {
					"type": "boolean"
				}
			},
			"title": "Sort"
		},
		"SprAggregatesDto": {
			"type": "object",
			"properties": {
				"avgTurnoverAmt3M": {
					"type": "number"
				},
				"avgTurnoverAmt6M": {
					"type": "number"
				},
				"currentBalance": {
					"type": "number"
				},
				"priorityTurnover3M": {
					"type": "number"
				},
				"priorityTurnover6M": {
					"type": "number"
				},
				"receiptsCount": {
					"type": "integer",
					"format": "int32"
				},
				"salaryAmt3M": {
					"type": "number"
				},
				"salaryAmt6M": {
					"type": "number"
				},
				"weekWithoutReceipts": {
					"type": "integer",
					"format": "int32"
				}
			},
			"title": "SprAggregatesDto"
		},
		"SprExtCallRouteDtoReq": {
			"type": "object",
			"properties": {
				"callInRouteFlg": {
					"type": "integer",
					"format": "int32"
				},
				"callPreReq": {
					"type": "integer",
					"format": "int32"
				},
				"callRequiredFlg": {
					"type": "integer",
					"format": "int32"
				},
				"chCacheStartDt": {
					"type": "string",
					"format": "date"
				},
				"clientTypeCd": {
					"type": "string"
				},
				"customerId": {
					"type": "integer",
					"format": "int64"
				},
				"eiCallReq": {
					"type": "number"
				},
				"extSysCd": {
					"type": "integer",
					"format": "int32"
				},
				"legalEntityId": {
					"type": "integer",
					"format": "int64"
				},
				"nbchCallReq": {
					"type": "integer",
					"format": "int32"
				},
				"ochCallReq": {
					"type": "integer",
					"format": "int32"
				}
			},
			"title": "SprExtCallRouteDtoReq"
		},
		"SprExtCallRouteDtoRes": {
			"type": "object",
			"properties": {
				"callInRouteFlg": {
					"type": "integer",
					"format": "int32"
				},
				"callPreReq": {
					"type": "integer",
					"format": "int32"
				},
				"callRequiredFlg": {
					"type": "integer",
					"format": "int32"
				},
				"chCacheStartDt": {
					"type": "string",
					"format": "date"
				},
				"clientTypeCd": {
					"type": "string"
				},
				"customerId": {
					"type": "integer",
					"format": "int64"
				},
				"eiCallReq": {
					"type": "number"
				},
				"extSysCd": {
					"type": "integer",
					"format": "int32"
				},
				"legalEntityId": {
					"type": "integer",
					"format": "int64"
				},
				"nbchCallReq": {
					"type": "integer",
					"format": "int32"
				},
				"ochCallReq": {
					"type": "integer",
					"format": "int32"
				}
			},
			"title": "SprExtCallRouteDtoRes"
		},
		"SprResultDtoReq": {
			"type": "object",
			"properties": {
				"nextStageCd": {
					"type": "string"
				},
				"sprExtCallRoute": {
					"type": "array",
					"items": {
						"$ref": "#/definitions/SprExtCallRouteDtoReq"
					}
				},
				"stageCd": {
					"type": "string"
				}
			},
			"title": "SprResultDtoReq"
		},
		"SprResultDtoRes": {
			"type": "object",
			"properties": {
				"nextStageCd": {
					"type": "string"
				},
				"sprExtCallRoute": {
					"type": "array",
					"items": {
						"$ref": "#/definitions/SprExtCallRouteDtoRes"
					}
				},
				"stageCd": {
					"type": "string"
				}
			},
			"title": "SprResultDtoRes"
		},
		"View": {
			"type": "object",
			"properties": {
				"contentType": {
					"type": "string"
				}
			},
			"title": "View"
		}
	}
}