{
  "type": "object",
  "properties": {
    "content": {
      "type": "array",
      "items": {
        "$ref": "#/definitions/SearchDto"
      }
    },
    "empty": {
      "type": "boolean"
    },
    "first": {
      "type": "boolean"
    },
    "last": {
      "type": "boolean"
    },
    "number": {
      "type": "integer",
      "format": "int32"
    },
    "numberOfElements": {
      "type": "integer",
      "format": "int32"
    },
    "pageable": {
      "$ref": "#/definitions/Pageable"
    },
    "size": {
      "type": "integer",
      "format": "int32"
    },
    "sort": {
      "$ref": "#/definitions/Sort"
    },
    "totalElements": {
      "type": "integer",
      "format": "int64"
    },
    "totalPages": {
      "type": "integer",
      "format": "int32"
    }
  },
  "title": "Page«SearchDto»"
}