{
  "tags": [
    {
      "name": "basic-error-controller",
      "description": "Basic Error Controller"
    }
  ],
  "paths": {
    "/error": {
      "get": {
        "tags": [
          "basic-error-controller"
        ],
        "summary": "error",
        "operationId": "errorUsingGET",
        "produces": [
          "*/*"
        ],
        "responses": {
          "200": {
            "description": "OK",
            "schema": {
              "type": "object",
              "additionalProperties": {
                "type": "object"
              }
            }
          },
          "401": {
            "description": "Unauthorized"
          },
          "403": {
            "description": "Forbidden"
          },
          "404": {
            "description": "Not Found"
          }
        }
      },
      "head": {
        "tags": [
          "basic-error-controller"
        ],
        "summary": "error",
        "operationId": "errorUsingHEAD",
        "consumes": [
          "application/json"
        ],
        "produces": [
          "*/*"
        ],
        "responses": {
          "200": {
            "description": "OK",
            "schema": {
              "type": "object",
              "additionalProperties": {
                "type": "object"
              }
            }
          },
          "204": {
            "description": "No Content"
          },
          "401": {
            "description": "Unauthorized"
          },
          "403": {
            "description": "Forbidden"
          }
        }
      },
      "post": {
        "tags": [
          "basic-error-controller"
        ],
        "summary": "error",
        "operationId": "errorUsingPOST",
        "consumes": [
          "application/json"
        ],
        "produces": [
          "*/*"
        ],
        "responses": {
          "200": {
            "description": "OK",
            "schema": {
              "type": "object",
              "additionalProperties": {
                "type": "object"
              }
            }
          },
          "201": {
            "description": "Created"
          },
          "401": {
            "description": "Unauthorized"
          },
          "403": {
            "description": "Forbidden"
          },
          "404": {
            "description": "Not Found"
          }
        }
      },
      "put": {
        "tags": [
          "basic-error-controller"
        ],
        "summary": "error",
        "operationId": "errorUsingPUT",
        "consumes": [
          "application/json"
        ],
        "produces": [
          "*/*"
        ],
        "responses": {
          "200": {
            "description": "OK",
            "schema": {
              "type": "object",
              "additionalProperties": {
                "type": "object"
              }
            }
          },
          "201": {
            "description": "Created"
          },
          "401": {
            "description": "Unauthorized"
          },
          "403": {
            "description": "Forbidden"
          },
          "404": {
            "description": "Not Found"
          }
        }
      },
      "delete": {
        "tags": [
          "basic-error-controller"
        ],
        "summary": "error",
        "operationId": "errorUsingDELETE",
        "produces": [
          "*/*"
        ],
        "responses": {
          "200": {
            "description": "OK",
            "schema": {
              "type": "object",
              "additionalProperties": {
                "type": "object"
              }
            }
          },
          "204": {
            "description": "No Content"
          },
          "401": {
            "description": "Unauthorized"
          },
          "403": {
            "description": "Forbidden"
          }
        }
      },
      "options": {
        "tags": [
          "basic-error-controller"
        ],
        "summary": "error",
        "operationId": "errorUsingOPTIONS",
        "consumes": [
          "application/json"
        ],
        "produces": [
          "*/*"
        ],
        "responses": {
          "200": {
            "description": "OK",
            "schema": {
              "type": "object",
              "additionalProperties": {
                "type": "object"
              }
            }
          },
          "204": {
            "description": "No Content"
          },
          "401": {
            "description": "Unauthorized"
          },
          "403": {
            "description": "Forbidden"
          }
        }
      },
      "patch": {
        "tags": [
          "basic-error-controller"
        ],
        "summary": "error",
        "operationId": "errorUsingPATCH",
        "consumes": [
          "application/json"
        ],
        "produces": [
          "*/*"
        ],
        "responses": {
          "200": {
            "description": "OK",
            "schema": {
              "type": "object",
              "additionalProperties": {
                "type": "object"
              }
            }
          },
          "204": {
            "description": "No Content"
          },
          "401": {
            "description": "Unauthorized"
          },
          "403": {
            "description": "Forbidden"
          }
        }
      }
    }
  }
}