{
  "tags": [
    {
      "name": "decision-controller",
      "description": "Decision Controller"
    }
  ],
  "paths": {
    "/v1/loan-request/{loanRequestId}/decision": {
      "get": {
        "tags": [
          "decision-controller"
        ],
        "summary": "find",
        "operationId": "findUsingGET_1",
        "produces": [
          "*/*"
        ],
        "parameters": [
          {
            "name": "loanRequestId",
            "in": "path",
            "description": "loanRequestId",
            "required": true,
            "type": "string"
          }
        ],
        "responses": {
          "200": {
            "description": "OK",
            "schema": {
              "$ref": "#/definitions/DecisionRequestRes"
            }
          },
          "401": {
            "description": "Unauthorized"
          },
          "403": {
            "description": "Forbidden"
          },
          "404": {
            "description": "Not Found"
          }
        }
      },
      "post": {
        "tags": [
          "decision-controller"
        ],
        "summary": "save",
        "operationId": "saveUsingPOST_1",
        "consumes": [
          "application/json"
        ],
        "produces": [
          "*/*"
        ],
        "parameters": [
          {
            "in": "body",
            "name": "decisionRequest",
            "description": "decisionRequest",
            "required": true,
            "schema": {
              "$ref": "#/definitions/DecisionRequestReq"
            }
          },
          {
            "name": "loanRequestId",
            "in": "path",
            "description": "loanRequestId",
            "required": true,
            "type": "string"
          }
        ],
        "responses": {
          "200": {
            "description": "OK",
            "schema": {
              "$ref": "#/definitions/DecisionResponse"
            }
          },
          "201": {
            "description": "Created"
          },
          "401": {
            "description": "Unauthorized"
          },
          "403": {
            "description": "Forbidden"
          },
          "404": {
            "description": "Not Found"
          }
        }
      }
    },
    "/v1/loan-request/{loanRequestId}/decision/stage": {
      "post": {
        "tags": [
          "decision-controller"
        ],
        "summary": "saveStage",
        "operationId": "saveStageUsingPOST",
        "consumes": [
          "application/json"
        ],
        "produces": [
          "*/*"
        ],
        "parameters": [
          {
            "in": "body",
            "name": "decisionRequest",
            "description": "decisionRequest",
            "required": true,
            "schema": {
              "$ref": "#/definitions/DecisionRequestReq"
            }
          },
          {
            "name": "loanRequestId",
            "in": "path",
            "description": "loanRequestId",
            "required": true,
            "type": "string"
          }
        ],
        "responses": {
          "200": {
            "description": "OK",
            "schema": {
              "$ref": "#/definitions/DecisionResponse"
            }
          },
          "201": {
            "description": "Created"
          },
          "401": {
            "description": "Unauthorized"
          },
          "403": {
            "description": "Forbidden"
          },
          "404": {
            "description": "Not Found"
          }
        }
      }
    }
  }
}