{
  "tags": [
    {
      "name": "individuals-controller",
      "description": "Individuals Controller"
    }
  ],
  "paths": {
    "/v1/loan-request/{loanRequestId}/individuals": {
      "get": {
        "tags": [
          "individuals-controller"
        ],
        "summary": "findIndividuals",
        "operationId": "findIndividualsUsingGET",
        "produces": [
          "*/*"
        ],
        "parameters": [
          {
            "name": "loanRequestId",
            "in": "path",
            "description": "loanRequestId",
            "required": true,
            "type": "string"
          }
        ],
        "responses": {
          "200": {
            "description": "OK",
            "schema": {
              "$ref": "#/definitions/IndividualsRequest"
            }
          },
          "401": {
            "description": "Unauthorized"
          },
          "403": {
            "description": "Forbidden"
          },
          "404": {
            "description": "Not Found"
          }
        }
      },
      "post": {
        "tags": [
          "individuals-controller"
        ],
        "summary": "save",
        "operationId": "saveUsingPOST_3",
        "consumes": [
          "application/json"
        ],
        "produces": [
          "*/*"
        ],
        "parameters": [
          {
            "in": "body",
            "name": "individualsRequest",
            "description": "individualsRequest",
            "required": true,
            "schema": {
              "$ref": "#/definitions/IndividualsRequest"
            }
          },
          {
            "name": "loanRequestId",
            "in": "path",
            "description": "loanRequestId",
            "required": true,
            "type": "string"
          }
        ],
        "responses": {
          "200": {
            "description": "OK",
            "schema": {
              "$ref": "#/definitions/IndividualsResponse"
            }
          },
          "201": {
            "description": "Created"
          },
          "401": {
            "description": "Unauthorized"
          },
          "403": {
            "description": "Forbidden"
          },
          "404": {
            "description": "Not Found"
          }
        }
      }
    },
    "/v1/loan-request/{loanRequestId}/individuals/{customerId}/info": {
      "post": {
        "tags": [
          "individuals-controller"
        ],
        "summary": "save",
        "operationId": "saveUsingPOST_2",
        "consumes": [
          "application/json"
        ],
        "produces": [
          "*/*"
        ],
        "parameters": [
          {
            "name": "customerId",
            "in": "path",
            "description": "customerId",
            "required": true,
            "type": "integer",
            "format": "int64"
          },
          {
            "in": "body",
            "name": "individualsRequest",
            "description": "individualsRequest",
            "required": true,
            "schema": {
              "$ref": "#/definitions/IndividualsInfoRequest"
            }
          },
          {
            "name": "loanRequestId",
            "in": "path",
            "description": "loanRequestId",
            "required": true,
            "type": "string"
          }
        ],
        "responses": {
          "200": {
            "description": "OK",
            "schema": {
              "$ref": "#/definitions/IndividualsResponse"
            }
          },
          "201": {
            "description": "Created"
          },
          "401": {
            "description": "Unauthorized"
          },
          "403": {
            "description": "Forbidden"
          },
          "404": {
            "description": "Not Found"
          }
        }
      }
    }
  }
}