{
  "tags": [
    {
      "name": "operation-handler",
      "description": "Operation Handler"
    }
  ],
  "paths": {
    "/actuator/health": {
      "get": {
        "tags": [
          "operation-handler"
        ],
        "summary": "handle",
        "operationId": "handleUsingGET",
        "produces": [
          "application/json",
          "application/vnd.spring-boot.actuator.v2+json",
          "application/vnd.spring-boot.actuator.v3+json"
        ],
        "parameters": [
          {
            "in": "body",
            "name": "body",
            "description": "body",
            "required": false,
            "schema": {
              "type": "object",
              "additionalProperties": {
                "type": "string"
              }
            }
          }
        ],
        "responses": {
          "200": {
            "description": "OK",
            "schema": {
              "type": "object"
            }
          },
          "401": {
            "description": "Unauthorized"
          },
          "403": {
            "description": "Forbidden"
          },
          "404": {
            "description": "Not Found"
          }
        }
      }
    },
    "/actuator/health/**": {
      "get": {
        "tags": [
          "operation-handler"
        ],
        "summary": "handle",
        "operationId": "handleUsingGET_1",
        "produces": [
          "application/json",
          "application/vnd.spring-boot.actuator.v2+json",
          "application/vnd.spring-boot.actuator.v3+json"
        ],
        "parameters": [
          {
            "in": "body",
            "name": "body",
            "description": "body",
            "required": false,
            "schema": {
              "type": "object",
              "additionalProperties": {
                "type": "string"
              }
            }
          }
        ],
        "responses": {
          "200": {
            "description": "OK",
            "schema": {
              "type": "object"
            }
          },
          "401": {
            "description": "Unauthorized"
          },
          "403": {
            "description": "Forbidden"
          },
          "404": {
            "description": "Not Found"
          }
        }
      }
    },
    "/actuator/info": {
      "get": {
        "tags": [
          "operation-handler"
        ],
        "summary": "handle",
        "operationId": "handleUsingGET_2",
        "produces": [
          "application/json",
          "application/vnd.spring-boot.actuator.v2+json",
          "application/vnd.spring-boot.actuator.v3+json"
        ],
        "parameters": [
          {
            "in": "body",
            "name": "body",
            "description": "body",
            "required": false,
            "schema": {
              "type": "object",
              "additionalProperties": {
                "type": "string"
              }
            }
          }
        ],
        "responses": {
          "200": {
            "description": "OK",
            "schema": {
              "type": "object"
            }
          },
          "401": {
            "description": "Unauthorized"
          },
          "403": {
            "description": "Forbidden"
          },
          "404": {
            "description": "Not Found"
          }
        }
      }
    }
  }
}