{
  "tags": [
    {
      "name": "rbg-controller",
      "description": "Rbg Controller"
    }
  ],
  "paths": {
    "/v1/loan-request/{loanRequestId}/rbg": {
      "get": {
        "tags": [
          "rbg-controller"
        ],
        "summary": "find",
        "operationId": "findUsingGET_2",
        "produces": [
          "*/*"
        ],
        "parameters": [
          {
            "name": "loanRequestId",
            "in": "path",
            "description": "loanRequestId",
            "required": true,
            "type": "string"
          }
        ],
        "responses": {
          "200": {
            "description": "OK",
            "schema": {
              "$ref": "#/definitions/RbgDto"
            }
          },
          "401": {
            "description": "Unauthorized"
          },
          "403": {
            "description": "Forbidden"
          },
          "404": {
            "description": "Not Found"
          }
        }
      },
      "post": {
        "tags": [
          "rbg-controller"
        ],
        "summary": "save",
        "operationId": "saveUsingPOST_6",
        "consumes": [
          "application/json"
        ],
        "produces": [
          "*/*"
        ],
        "parameters": [
          {
            "name": "loanRequestId",
            "in": "path",
            "description": "loanRequestId",
            "required": true,
            "type": "string"
          },
          {
            "in": "body",
            "name": "rbgRequest",
            "description": "rbgRequest",
            "required": true,
            "schema": {
              "$ref": "#/definitions/RbgRequest"
            }
          }
        ],
        "responses": {
          "200": {
            "description": "OK",
            "schema": {
              "$ref": "#/definitions/RbgResponse"
            }
          },
          "201": {
            "description": "Created"
          },
          "401": {
            "description": "Unauthorized"
          },
          "403": {
            "description": "Forbidden"
          },
          "404": {
            "description": "Not Found"
          }
        }
      }
    }
  }
}