{
  "tags": [
    {
      "name": "search-controller",
      "description": "Search Controller"
    }
  ],
  "paths": {
    "/v1/loan-request/search": {
      "get": {
        "tags": [
          "search-controller"
        ],
        "summary": "search",
        "operationId": "searchUsingGET",
        "produces": [
          "*/*"
        ],
        "parameters": [
          {
            "name": "fullName",
            "in": "query",
            "required": false,
            "type": "string"
          },
          {
            "name": "legalEntityId",
            "in": "query",
            "required": false,
            "type": "string"
          },
          {
            "name": "loanApplicationCreateDateTime",
            "in": "query",
            "required": false,
            "type": "string"
          },
          {
            "name": "loanApplicationExtId",
            "in": "query",
            "required": false,
            "type": "string"
          },
          {
            "name": "loanRequestId",
            "in": "query",
            "required": false,
            "type": "string"
          },
          {
            "name": "offset",
            "in": "query",
            "required": false,
            "type": "integer",
            "format": "int64"
          },
          {
            "name": "ogrn",
            "in": "query",
            "required": false,
            "type": "string"
          },
          {
            "name": "paged",
            "in": "query",
            "required": false,
            "type": "boolean"
          },
          {
            "name": "pageNumber",
            "in": "query",
            "required": false,
            "type": "integer",
            "format": "int32"
          },
          {
            "name": "pageSize",
            "in": "query",
            "required": false,
            "type": "integer",
            "format": "int32"
          },
          {
            "name": "sort.sorted",
            "in": "query",
            "required": false,
            "type": "boolean"
          },
          {
            "name": "sort.unsorted",
            "in": "query",
            "required": false,
            "type": "boolean"
          },
          {
            "name": "status",
            "in": "query",
            "required": false,
            "type": "string"
          },
          {
            "name": "tin",
            "in": "query",
            "required": false,
            "type": "string"
          },
          {
            "name": "unpaged",
            "in": "query",
            "required": false,
            "type": "boolean"
          }
        ],
        "responses": {
          "200": {
            "description": "OK",
            "schema": {
              "$ref": "#/definitions/Page«SearchDto»"
            }
          },
          "401": {
            "description": "Unauthorized"
          },
          "403": {
            "description": "Forbidden"
          },
          "404": {
            "description": "Not Found"
          }
        }
      }
    }
  }
}