{
  "tags": [
    {
      "name": "web-mvc-links-handler",
      "description": "Web Mvc Links Handler"
    }
  ],
  "paths": {
    "/actuator": {
      "get": {
        "tags": [
          "web-mvc-links-handler"
        ],
        "summary": "links",
        "operationId": "linksUsingGET",
        "produces": [
          "application/json",
          "application/vnd.spring-boot.actuator.v2+json",
          "application/vnd.spring-boot.actuator.v3+json"
        ],
        "responses": {
          "200": {
            "description": "OK",
            "schema": {
              "type": "object",
              "additionalProperties": {
                "type": "object",
                "additionalProperties": {
                  "$ref": "#/definitions/Link"
                }
              }
            }
          },
          "401": {
            "description": "Unauthorized"
          },
          "403": {
            "description": "Forbidden"
          },
          "404": {
            "description": "Not Found"
          }
        }
      }
    }
  }
}